"","ERR2241628","ERR2241631","ERR2241632","ERR2241634","ERR2241635","ERR2241637","ERR2241639","ERR2241641","ERR2241643","ERR2241645","ERR2241647","ERR2241649","ERR2241651","ERR2241653","ERR2241655","ERR2241657","ERR2241659","ERR2241662","ERR2241664","ERR2241665","ERR2241686","ERR2241687","ERR2241688","ERR2241689","ERR2241690","ERR2241691","ERR2241692","ERR2241693","ERR2241694","ERR2241695","ERR2241696","ERR2241697","ERR2241698","ERR2241699","ERR2241700","ERR2241701","ERR2241702","ERR2241703","ERR2241704","ERR2241725","ERR2241726","ERR2241727","ERR2241728","ERR2241729","ERR2241730","ERR2241731","ERR2241732","ERR2241733","ERR2241734","ERR2241735","ERR2241736","ERR2241737","ERR2241738","ERR2241739","ERR2241740","ERR2241741","ERR2241742","ERR2241743","ERR2241744","ERR2241747","ERR2241748","ERR2241749","ERR2241750","ERR2241752","ERR2241753","ERR2241754","ERR2241755","ERR2241756","ERR2241758","ERR2241759","ERR2241760","ERR2241761","ERR2241762","ERR2241763","ERR2241764","ERR2241765","ERR2241770","ERR2241783","ERR2241784","ERR2241788","ERR2241790","ERR2241791","ERR2241794","ERR2241795","ERR2241798","ERR2241799","ERR2241801","ERR2241802","ERR2241803","ERR2241805","ERR2241806","ERR2241807","ERR2241808","ERR2241809","ERR2241815","ERR2241818","ERR2241819","ERR2241823","ERR2241824","ERR2241828","ERR2241848","ERR2241849","ERR2241850","ERR2241851","ERR2241852","ERR2241853","ERR2241854","ERR2241855","ERR2241856","ERR2241857","ERR2241858","ERR2241859","ERR2241860","ERR2241861","ERR2241862","ERR2241863","ERR2241864","ERR2241865","ERR2241866","ERR2241887","ERR2241888","ERR2241889","ERR2241890","ERR2241891","ERR2241892","ERR2241893","ERR2241894","ERR2241895","ERR2241896","ERR2241897","ERR2241898","ERR2241899","ERR2241900","ERR2241901","ERR2241902","ERR2241903","ERR2241904","ERR2241905","ERR2241906","ERR2241907","ERR2241909","ERR2241911","ERR2241913","ERR2241915","ERR2241917","ERR2241919","ERR2241921","ERR2241923","ERR2241925","ERR2241927","ERR2241929","ERR2241931","ERR2241933","ERR2241935","ERR2241937","ERR2241939","ERR2241941","ERR2241943","ERR2241945","ERR2241950","ERR2241952","ERR2241953","ERR2241954","ERR2241955","ERR2241956","ERR2241957","ERR2241971","ERR2241972","ERR2241977","ERR2241978","ERR2241979","ERR2241980","ERR2241981","ERR2241982","ERR2241983","ERR2241984","ERR2241985","ERR2241986","ERR2245455","ERR3414571","ERR3414572","ERR3414573","ERR3414574","ERR3414575","ERR3414576","ERR3414577","ERR3414578","ERR3414579","ERR3414580","ERR3414581","ERR3414582","ERR3414583","ERR3414584","ERR3414585","ERR3414586","ERR3414587","ERR3414588","ERR3414589","ERR3414590","ERR3414591","ERR3414592","ERR3414593","ERR3414594","SRR7457734","SRR7457735","SRR7457736","SRR7457737","SRR7457738","SRR7457739","SRR7457740","SRR7457741","SRR7457742","SRR7457743","SRR7457744","SRR7457745","SRR7457746","SRR7457747","SRR7457748","SRR7457749","SRR7457750","SRR7457751","SRR7457752","SRR7457753","SRR7457754","SRR7457755","SRR7457756","SRR7457757","SRR7457758","SRR7457759","SRR7457760","SRR7457761","SRR7457762","SRR7457763","SRR7457764","SRR7457765","SRR7457766","SRR7457767","SRR7457768","SRR7457769","SRR7457770","SRR7457771","SRR7457772","SRR7457773","SRR7457774","SRR7457775","SRR7457776","SRR7457777","SRR7457778","SRR7457779","SRR7457780","SRR7457781","SRR7457782","SRR7457783","SRR7683027","SRR7683028","SRR7683029","SRR7683030","SRR7683031","SRR7683032","SRR7683033","SRR7683034","SRR7683035","SRR7683036","SRR7683037","SRR7683038","SRR7683039","SRR7683040","SRR7683041","SRR7683042","SRR7683043","SRR7683044","SRR7683045","SRR7683046","SRR7683047","SRR7683048","SRR7683049","SRR7683050","SRR7683051","SRR7683052","SRR7683053","SRR7683054","SRR7683055","SRR7683056","SRR7683057","SRR7683058","SRR7683059","SRR7683060","SRR7683061","SRR7683062","SRR7683063","SRR7683064","SRR7683065","SRR7683066","SRR7685243","SRR7685244","SRR7685245","SRR7685246","SRR7685247","SRR7685248","SRR7685249","SRR7685250","SRR7685251","SRR7685252","SRR7685253","SRR7685254","SRR7685255","SRR7685256","SRR7685257","SRR7685258","SRR7685259","SRR7685260","SRR7685261","SRR7685262","SRR7685263","SRR7685264","SRR7685265","SRR7685266","SRR7685267","SRR7685268","SRR7685269","SRR7685270","SRR7685271","SRR7685272","SRR7685273","SRR7685274","SRR7685275","SRR7685276","SRR7685277","SRR7685278","SRR7685279","SRR7685280","SRR7685281","SRR7685282","SRR6505026","SRR6505027","SRR6505028","SRR6505029","SRR6505030","SRR6505031","SRR6505032","SRR6505033","SRR6505034","SRR6505035","SRR6505036","SRR6505037","SRR6505038","SRR6505039","SRR6505040","SRR6505041","SRR6505042","SRR6505043","SRR8446419","SRR8446420","SRR8446421","SRR8446422","SRR8446423","SRR8446424","SRR8446425","SRR8446426","SRR8446427","SRR8446428","SRR8446429","SRR8446430","SRR8446431","SRR8446432","SRR8446433","SRR8446434","SRR8446435","SRR6323082","SRR6323083","SRR6323084","SRR6323085","SRR6323086","SRR6323087","SRR6323088","SRR6323089","SRR6323090","SRR6323091","SRR6323092","SRR6323093","SRR6323094","SRR6323095","SRR6323096","SRR6323097","SRR6323098","SRR6323099","SRR6323100","SRR6323101","SRR6323102","SRR6323103","SRR6323104","SRR6323105","SRR6323106","SRR6323107","SRR6323108","SRR6323109","SRR6323110","SRR6323111","SRR6323112","SRR6323113","SRR6323114","SRR6323115","SRR6323116","SRR6323117","SRR6323118","SRR6323119","SRR6323120","SRR6323121","SRR6323122","SRR6323123","SRR6323124","SRR6323125","SRR6323126","SRR6323127","SRR6323128","SRR6323129","SRR6323130","SRR6323131","SRR6323132","SRR6323133","SRR6323134","SRR6323135","SRR6323136","SRR6323137","SRR6323138","SRR6323139","SRR6323140","SRR6323141","SRR6323142","SRR6323143","SRR6323144","SRR6323145","SRR6323146","SRR6323147","SRR6323148","SRR6323149","SRR6323150","SRR6323151","SRR6323152","SRR6323153","SRR6323154","SRR6323155","SRR6323156","SRR6323157","SRR6323158","SRR6323159","SRR6323160","SRR6323161","SRR6323162","SRR6323163","SRR6323164","SRR6323165","SRR6323166","SRR6323167","SRR6323168","SRR6323169","SRR6323170","SRR6323171","SRR6323172","SRR6323173","SRR6323174","SRR6323175","SRR6323176","SRR6323177","SRR6323178","SRR6323179","SRR6323180","SRR6323181","SRR6323182","SRR6323183","SRR6323184","SRR6323185","SRR6323186","SRR6323187","SRR6323188","SRR6323189","SRR6323190","SRR6323191","SRR6323192","SRR6323193","SRR6323194","SRR6323195","SRR6323196","SRR6323197","SRR6323198","SRR6323199","SRR6323200","SRR6323201","SRR6323202","SRR6323203","SRR6323204","SRR6323205","SRR6323206","SRR6323207","SRR6323208","SRR6323211","SRR6323212","SRR6323213","SRR6323214","SRR6323215","SRR6323216","SRR6323217","SRR6323218","SRR6323219","SRR6323220","SRR6323221","SRR6323222","SRR6323223","SRR6323224","SRR6323225","SRR6323226","SRR6323227","SRR6323228","SRR6323229","SRR6323230","SRR6323231","SRR6323232","SRR6323233","SRR6323234","SRR6323235","SRR6323236","SRR6323237","SRR6323238","SRR6323239","SRR6323240","SRR6323241","SRR6323242","SRR6323243","SRR6323244","SRR6323245","SRR6323246","SRR6323247","SRR6323248","SRR6323249","SRR6323250","SRR6323251","SRR6323252","SRR6323253","SRR6323254","SRR6323255","SRR6323256","SRR6323257","SRR6323258","SRR6323259","SRR6323260","SRR6323261","SRR6323262","SRR6323263","SRR6323264","SRR6323265","SRR6323266","SRR6323267","SRR6323268","SRR6323269","SRR6323270","SRR6323271","SRR6323272","SRR6323273","SRR6323274","SRR6323275","SRR6323276","SRR6323277","SRR6323278","SRR6323279","SRR6323280","SRR6323281","SRR6323282","SRR6323283","SRR6323284","SRR6323285","SRR6323286","SRR6323287","SRR6323288","SRR6323289","SRR6323290","SRR6323291","SRR6323292","SRR6323293","SRR6323294","SRR6323295","SRR6323296","SRR6323297","SRR6323298","SRR6323299","SRR6323300","SRR6323301","SRR6323302","SRR6323303","SRR6323304","SRR6323305","SRR6323306","SRR6323307","SRR6323308","SRR6323309","SRR6323310","SRR6323311","SRR6323312","SRR6323314","SRR6323315","SRR6323316","SRR6323317","SRR6323318","SRR6323319","SRR6323320","SRR6323321","SRR6323322","SRR6323323","SRR6323324","SRR6323325","SRR6323326","SRR6323327","SRR6323328","SRR6323329","SRR6323330","SRR6323331","SRR6323332","SRR6323333","SRR6323334","SRR6323335","SRR6323336","SRR6323337","SRR6323338","SRR6323339","SRR6323340","SRR6323341","SRR6323342","SRR6323343","SRR6323344","SRR6323345","SRR6323346","SRR6323347","SRR6323348","SRR6323349","SRR6323350","SRR6323351","SRR6323352","SRR6323353","SRR6323354","SRR6323355","SRR6323356","SRR6323357","SRR6323358","SRR6323359","SRR6323360","SRR6323361","SRR6323362","SRR6323363","SRR6323364","SRR6323365","SRR6323366","SRR6323367","SRR6323368","SRR6323369","SRR6323370","SRR6323371","SRR6323372","SRR6323373","SRR6323374","SRR6323375","SRR6323376","SRR6323377","SRR6323378","SRR6323379","SRR6323380","SRR6323381","SRR6323382","SRR6323383","SRR6323384","SRR6323385","SRR6323386","SRR6323387","SRR6323388","SRR6323389","SRR6323390","SRR6323391","SRR6323392","SRR6323393","SRR6323394","SRR6323395","SRR6323396","SRR6323397","SRR6323398","SRR6323399","SRR6323400","SRR6323401","SRR6323402","SRR6323403","SRR6323404","SRR6323405","SRR6323406","SRR6323407","SRR6323408","SRR6323409","SRR6323410","SRR6323411","SRR6323412","SRR6323413","SRR6323414","SRR6323415","SRR6323416","SRR6323417","SRR6323418","SRR6323419","SRR6323420","SRR6323421","SRR6323422","SRR6323423","SRR6323424","SRR6323425","SRR6323426","SRR6323427","SRR6323428","SRR6323429","SRR6323430","SRR6323431","SRR6323432","SRR6323433","SRR6323434","SRR6323435","SRR6323436","SRR6323437","SRR6323438","SRR6323439","SRR6323440","SRR6323441","SRR6323442","SRR6323443","SRR6323444","SRR6323445","SRR6323446","SRR6323447","SRR6323448","SRR6323449","SRR6323450","SRR6323451","SRR6323452","SRR6323453","SRR6323454","SRR6323455","SRR6323456","SRR6323457","SRR6323458","SRR6323459","SRR6323460","SRR6323461","SRR6323462","SRR6323463","SRR6323464","SRR6323465","SRR6323466","SRR6323467","SRR6323468","SRR6323469","SRR6323470","SRR6323471","SRR6323472","SRR6323474","SRR6323475","SRR6323477","SRR6323479","SRR6323480","SRR6323481","SRR6323482","SRR6323483","SRR6323484","SRR6323485","SRR6323486","SRR6323487","SRR6323488","SRR6323489","SRR6323490","SRR6323491","SRR6323492","SRR6323493","SRR6323494","SRR6323495","SRR6323496","SRR6323497","SRR6323498","SRR6323499","SRR6323500","SRR6323501","SRR6323502","SRR6323503","SRR6323504","SRR6323505","SRR6323506","SRR6323507","SRR6323508","SRR6323509","SRR6323510","SRR6323511","SRR6323512","SRR6323513","SRR6323514","SRR6323515","SRR6323516","SRR6323517","SRR6323518","SRR6323519","SRR6323520","SRR6323521","SRR6323522","SRR6323523","SRR6323524","SRR6323525","SRR6323526","SRR6323527","SRR6323528","SRR6323529","SRR6323530","SRR6323531","SRR6323532","SRR6323533","SRR6323534","SRR6323535","SRR6323536","SRR6323537","SRR6323538","SRR6323539","SRR6323540","SRR6323541","SRR6323542","SRR6323543","SRR6323544","SRR6323545","SRR6323546","SRR6323547","SRR6323548","SRR6323549","SRR6323550","SRR6323551","SRR6323552","SRR6323553","SRR6323554","SRR6323555","SRR6323556","SRR6323557","SRR6323559","SRR6323560","SRR6323561","SRR6323562","SRR6323563","SRR6323564","SRR6323565","SRR6323566","SRR6323567","SRR6323568","SRR6323569","SRR6323570","SRR6323571","SRR6323572","SRR6323573","SRR6323574","SRR6323575","SRR6323576","SRR8840688","SRR8840689","SRR8840690","SRR8840691","SRR8840692","SRR8840693","SRR8840694","SRR9113688","SRR9113689","SRR9113690","SRR9113691","SRR9113692","SRR9113693","SRR9113694","SRR9113695","SRR9113696","SRR9113697","SRR9113698","SRR9113699","SRR9113700","SRR9113701","SRR9113702","SRR9113703","SRR9113704","SRR9113705","SRR9113706","SRR9113707","SRR9113708","SRR9113709","SRR9113710","SRR9113711","SRR9113712","SRR9113713","SRR9113714","SRR9113715","SRR9113716","SRR9113717","SRR9113718","SRR9113719","SRR9113720","SRR9113721","SRR9113722","SRR9113723","SRR9113724","SRR9113725","SRR9113726","SRR9113727","SRR9113728","SRR9113729","SRR9113730","SRR9113731","SRR9113732","SRR9113733","SRR9113734","SRR9113735","SRR9113736","SRR9113737"
"chick_phage_5709",0,0,0.606071,0,0,0,0,0,0.20787,2.99499,0,0,0,0,0,0,0,0,0,0,0.062595,0,0,0,0,0,0,0,0,0,0,0,0,0,0,0,0,0,0,9.92387,0,0,0,0.106801,0,0,0,0,0,0,0,0,0,0,0,0,0,0,0,0,0,0,0.142132,0,0,0,0,0,0,0,0,0,0,15.0425,0,0,0,0,0.142996,0,0.710028,0,0,0,0,0,0,0,0,0,22.9619,0,0,0,0,0.113261,0,0,0,0,1.92406,0,1.53589,0,1.46354,8.40795,0.528832,2.38814,0,0,6.04974,0,2.03431,0,0,0,0,0,0,0,0,0,0,0,0.586244,0,0,0.091545,0,0,3.59372,0,0,0,0,0,0,0,0,0,0,0,0,0,0,0,0,0,0,0,0,0,0,0,0,0,0,0,0.178881,0,0,2.24995,0,0,0,0,0,0,0,0,0,0,0,0,0,0,0,0,0,0,0,0,0,0,0,0,0,0,0,0,0,0,0,0,0,0,0,0,0,0,0,0,0,0,0,0,0,0,0.674483,10.2409,10.2605,0,0,0,0,0,0,0,0,196.955,0,0,0,0,0,15.3701,0.243411,0.62097,0,0,0,5.40824,0,0,0,0.68634,0.381476,1.11375,0,0.42861,0,8.14067,3.84481,0.746522,0,0,0,0,2.66905,0,0,0,0,3.92624,0,0,0,0,0,0,0,0,5.0603,0.282093,0,2.55226,0,4.00911,0,0,0,0,0,0,0,5.76058,0,4.20478,0,0,0,0,3.03812,0,0,0,0,0,1.38518,3.15355,1.55786,0,0,0,0,0,0,0,0,0,0,0,0,0,0,0,0,0,0.920789,0,0,0,0.279132,0,0,0,0,0,0,4.42768,0,0,0,6.34159,1.12375,0,1.36615,0,0,0,0,0,0,0,0,0,0,0,0,0,0,0,0,0,0,0,0,0,0,0,0,0,0,0,0,0,0,0,0,0,0,0,0,0,0,0,0,0,0,0,0,0,0,0,0,0,0,0,0,0,0,0,0,0,0,0,0,0,0,0,0,0,0,0,0,0,0,0,0,0,0,0,0,0,0,0,0,0,0,0,0,0,0,0,0,0,0,0,0,0,0,0,0,0,0,0,0,0,0,0,0,0,0,0,0,0,0,0,0,0,0,0,0,0,0,0,0,0,0,0,0,0,0,0,0,0,0,0,0,0,0,0,0,0,0,0,0,0,0,0,0,0,0,0,0,0,0,0,0,0,0,0,0,0,0,0,0,0,0,0,0,0,0,0,0,0,0,0,0,0,0,0,0,0,0,0,0,0,0,0,0,0,0,0,0,0,0,0,0,0,0,0,0,0,0,0,0,0,0,0,0,0,0,0,0,0,0,0,0,0,0,0,0,0,0,0,0,0,0,0,0,0,0,0,0,0,0,0,0,0,0,0,0,0,0,0,0,0,0,0,0,0,0,0,0,0,0,0,0,0,0,0,0,0,0,0,0,0,0,0,0,0,0,0,0,0,0,0,0,0,0,0,0,0,0,0,0,0,0,0,0,0,0,0,0,0,0,0,0,0,0,0,0,0,0,0,0,0,0,0,0,0,0,0,0,0,0,0,0,0,0,0,0,0,0,0,0,0,0,0,0,0,0,0,0,0,0,0,0,0,0,0,0,0,0,0,0,0,0,0,0,0,0,0,0,0,0,0,0,0,0,0,0,0,0,0,0,0,0,0,0,0,0,0,0,0,0,0,0,0,0,0,0,0,0,0,0,0,0,0,0,0,0,0,0,0,0,0,0,0,0,0,0,0,0,0,0,0,0,0,0,0,0,0,0,0,0,0,0,0,0,0,0,0,0,0,0,0,0,0,0,0,0,0,0,0,0,0,0,0,0,0,0,0,0,0,0,0,0,0,0,0,0,0,0,0,0,0,0,0,0,0,0,0,0,0,0,0,0,0,0,0,0,0,0,0,0,0,0,0,0,0,0,0,0,0,0,0,0,0,0,0,0,0,0,0,0,0,0,0,0,0,0,0,0,0,0,0,0,0,0,0,0,0,0,0,0,0,0,0,0,0,0,0,0,0,0,0,0,0,0,0,0,0,0,0,0,0,0,0,0,0,0,0,0,0,0,0,0,0,0,0,0,0,0,0,0,0,0,0,0,0,0,0,0,0,0,2.85536,0,0,0,0,0,0,0,0,0,0,0,0,0,0,0,0,0,0,0,0,0,0,0,0,0
"chick_phage_5708",0,0,0,0,0,0,0,0,0,0,0,0,0,0,0,0,0,0,0,0,0,0,0.068986,0,0,0,0.04623,0,0,0,0,0,0,0.096825,0,0,0,0.09722,0,0,0,0,0.089915,0,0,0,5.17037,0,1.53313,0,0,0,0,0,0,1.1635,0,55.3202,0,0,0,0,0,0,0,0,0,0,0,0,0,0,0,0,0,0,0,0,0,0,0,0,0,0,0,0,0,0,0,0,0,0,0,0,0,0,0,0,0,0,0,0,0,0,0,0,0,0,0.62514,0,0,0,0,0,0,0,3.39319,0.12746,0.05202,0,0,0,0,0.123172,0.078445,0,0,0,0,0,0,0,0,0,0,0,0,0,0,0,0,0,0,0,0,0,0,0,0,0,0.084968,0,0,0,0,0,0,0,0,0,0,0,0,0,0,0,0,0,0,0,0,0.118052,0,0,0,0,0,0,0,0,0,0,0,0,0,0,0,0,0,0,0,0,0,0,0,0,0,0,0,0,0,0,0,54.8525,82.342,30.2126,45.6514,90.3022,829.51,1935.38,654.044,76.6097,16.8108,1.73567,107.016,1.73735,0.732111,1.74361,1.18831,3982.81,72.5208,1.82709,0.558136,90.89,17.3052,2022.58,318.559,187.161,390.553,15.392,47.3074,315.329,38.8302,0,2.12291,10.0398,19.6624,4.0903,76.5527,160.692,21.2884,134.665,268.158,30.8484,118.786,118.326,8.3796,25.512,47.5624,14.7493,27.3013,36.3651,0.492439,203.122,0.678965,60.6972,65.4904,1.791,19.4362,0,1.19813,0,48.3208,19.6632,113.702,313.588,30.5566,305.148,29.1682,7.77601,3.70942,0.825631,16.7054,173.04,73.8215,352.243,175.083,23.3459,0,0,1.59333,5.58158,411.675,1.65848,0.153919,12.4407,209.803,96.9483,124.398,259.881,152.006,0.672588,0.434148,16.8238,145.632,62.9382,0,98.7871,0.315664,0,71.8641,5.92579,76.9779,8.36981,34.3172,0.790904,0,10.4295,1.70585,0,0,0,34.5623,5.10535,2.11813,7.89299,0.917151,0.048717,1.2158,31.1104,0.675905,70.5621,86.1876,9.95257,6.58673,79.7572,71.2726,14.856,39.7393,2.16944,101.088,17.7828,27.0537,0,0,0,0,0,0,0,0,0,0,0,0,0,0,0,0,0,0,0,0,0,0,0,0,0,0,0,0,0,0,0,0,0,0,0,0.981909,0,0,0,0,0,9.26236,43.7649,8.67391,4.29481,0,0,2.80749,2.31751,0,0,0.373953,0.248834,0,0,0,0,0,0,0,0,5.83064,0,0,0,0,0,0,0,0,0,15.9337,0,4.66554,0,0,25.9303,0.725277,0,0,0,0,0,0,2.76004,0.971995,0,0,0,0,0,1.21203,0,0,0,0,0.571442,0,4.79456,0,47.338,2.64315,0,0,0,0,0,0,1.69503,0,0,0,0,0,0,0,0,0,0,0,0,0,0,0,0,0,0,0,0,103.01,0,0,0,0,0,0,0,0,5.17363,0,0,0,0,0,0,0,0,0,0,0,0,0,0,0,0,0,0,2.39555,0,0,0,0,0,0,0,0,0,0,0.245595,0,0,0,0,0.931373,0.168999,0,0.965836,0,0,0,0,0,0,0,0,0,0,0,0,0,0,0,0,0,0.397404,0,0,0,0,0,0,0,0,0,0,0,0,0,0,0,0,0.979146,26.1386,1.77136,32.4363,0,20.0549,1.28384,0,0,0,0,0,0,0,0,12.0595,0.203447,47.3604,0,0,2.09735,0,0.177141,2.54858,0,17.0792,0,0,0,16.3745,0,0,0,0,0,0,0,0,0,0,0,0,0,0,0,4.57536,0.782518,0,0,0,0,0,0,0,0,0,0,0,2.29979,2.17708,0,0,0,0,0,0,0,0,0,0,0.212401,0,0.70948,0,0,0.12579,26.0982,0.878689,0.916254,0.78653,0,0.288339,14.5069,26.5646,0,0,0,0,0,0,0,0,1.11196,0,0,0,0,0,0,0,0,0,0,0,0,0,0,0,0,0,0,0,0.386094,0,0,0,0,0,0,0,0,0,0,0,0,0,0,0,0,2.5555,0,0.920329,0,0,0,0,0,20.7248,0,0,0,0,0,0,0,0,0,0,0,0,0,0,0,0,0,0,0,0,0,0,0,0,0,0,0,2.44656,18.7866,1.16729,0,1.76162,1.68652,0,0,0,0,0,0,18.0789,0,0,0,0,0,0,0,0,0,0,0,0,0,0,1.22743,0,0,0,0,0,0,0,0.557603,0,0,0,0,0,0,0,0,0,0,0,0,0,0,0,0,0,0,0,0,0,0,0,0,0,0,0,2.09607,9.98882,0,0,19.5306,6.08221,0,0,0.997529,5.38262,0,0,0,0,40.0032,0,0,0,1.56438,0,0,12.889,0,2.51132,0,0,0,0,0.283193,0.279417,0,0,0,0,18.7949,0.869775,8.37622,0,0,0,0,0,0,0,0,0,0,0,0,0,0,1.63173,20.4541,0,0,0,0,0,0,0,0,0,0,0,3.73964,0,0,0,0,0,0,0,0,0,0,0,9.09597,0,0,0,0,0,2.6161,0,0,0,0,0,0,0,0,0,0,0,0,0,0,0,0,0,0,0,0,0,0,0,0,0,0,0,0,0,0,0,0,0,0,0,0,0,0,0,0,0,0,0,0,0,0,0,0,0,0,0,0,0,0,0,0,0,0
"chick_phage_5699",0.09815,0,0,0,0,0,0,0,0,0,0,0,0,0,0.124037,0,0,0,0,0,0,0,0,0,0,0,0,0,0,0,0,0,0,0,0,0,0,0,0,0,0,0,0,0,0,0,0,0,0,0,0,0,0,0,0,0,0,0,0,0,0,0,0,0.13004,0.115116,0,0.092878,0,0,0,0,0,0,0,0,0,0,0,0,0,0,0,0,0,0,0,0,0,0,0,0,0,0,0,0,0,0,0,0,0,0,0,0,0,0,0,0,0,0.121142,2.17452,0,0,1.60768,0,0,0,0,0,0,0,0,0,0,0,15.3526,0,0,0.042799,0,0,0,0.280199,0,0,0,0,0,8.77951,0,0,0.077868,0.308922,0.067337,0.161723,0.054152,0,0,0,0,0,0,0,0,0,0,0,0,0,0,0,0,0,0,0,0,0,0,0,0,0,0.211019,1.9445,0,0,0,0,0,0,0.127441,0,0,0,0,0,0,0,0,0,0,0,0,0,0,0,0,0,0,0,0,0,0,0,0,30.2905,0.348382,0.997384,57.3929,3328.76,0,1848.85,37.8249,19.195,2.4585,1.3318,0,0,0.148604,0,0,1.2591,19.977,0,0,23.5596,69.4254,0.540408,0,8.70832,107.034,6.37222,0.407617,31.5402,535.196,0.603183,0,0.427787,0.176999,0.312395,1.12431,12.8774,9.19877,72.668,17.1818,10.497,5.38086,2.58203,9.40448,5.52974,290.111,55.989,514.831,9.38232,0,425.083,0,0,0.576848,4.33815,130.011,0,1.16084,0.419838,167.576,0.131873,7.86898,96.2492,25.5753,37.446,0,47.0442,92.0055,9.39939,8.02904,4.49599,111.327,3491.2,31.1924,92.3759,0,0,0,5.20101,29.5418,7.35781,0.14913,0,0.576739,4.55341,142.884,145.343,1.45659,1.29443,0.690483,9.77989,13.3952,0,0,6.3809,0,0,135.579,541.982,17.6285,0,0.361447,0,0,0,0,0,0,1.07172,3.24868,20.5758,2.79093,0.433502,3.25818,0,0.147539,0,0,1.14902,14.8526,6.7211,3.80319,3.70917,12.4542,0.885843,275.138,0.525467,22.04,9.69162,5.11803,0,0,0,186.193,0,0,0,0,0,0,0,0,0,0,0,0,17.0174,0,0,0,0,17.0174,13.1985,0,0,0,0,0,0,0,123.37,0,0,0,0,0,0,0,0,0,0,0,0,0,0,0,0,0,0,0,0,0,0,0,0,0,0,0,0,0,0,0,0,0,0,0,0,0,0,0,0,0,0,0,0,0,0,0,0,0,0,0,0,0,0,0,0,0,0,0,0,0,0,0,0,0,0,0,0,0,0,0,0,0,0,0,0,0,0,0,0,0,0,0,0,0,0,0,0,3.1418,0,0,0,0,0,0,0,0,0.701966,0,0,0,0,0,0,0,0,0,0,0,0,0,0,0,0,0,0,0,0,0,0,0,0,0,0,0,0,0,0,0,0,0,0,0,0,0,0,0,0,0,0,0,0,0,0,0,0,0,0,0,0,0,0,0,0,0,0,0,0,0,0,0,0,0,0,0,0,0,0,0,0,0,0,0,0,0,0,0,0,0,0,0,0,0,0,0,0,0,0,0,0,0,0,0,0,0,0,0,0,0,0,0,0,0,0,0,0,0,0,0,0,0,0,3.08135,0,5.66878,76.2993,0,0,0,0.411882,0,0,0,0,0,0,0,0,0,0,0,0,0,0,0,0,0,0,0,0,0,0,0,0,0,0,0,0,0,0,0,0,0,0,0,0,0,0,0,0,0,0,0,0,0,0,0,0,0,0,0,0,0,0,0,0,0,0,0,0,0,0,0,0,0,0,0.780441,0,0,0,0,0,0,0,0,0,0,0,0,0,0,0,0,0,0,0,0,0,0,0,0,0,0,0,0,0,0,0,0,0,0,0,0,0,0,0,0,0,0,0,0,0,0,0,0,0,0,0,0,0,0,0,0,0,0,0,0,0,0,0,0,0,0,0,0,0,0,0,0,0,0,0,0,0,0,4.12249,86.3495,1.64571,1.39347,0,0,0,0,0,0,0,0,0,0,0,0,0,0,0,0,0,0,0,0,0,0,0,0,0,0,0,0,0,0,0,0,0,0,0,0,0,0,0,0,0,0,0,0,0,0,0,0,0,0,0,0,0,0,0,0,0,0,0,0,0,0,0,0,0,0,0,0,0,0,0,0,0,1.91691,0,0,0,0,0,0,0,0,0,0,0,0,0,0,0,0,0,0,0,0,0,0,0,0,0,0,0,0,0,0,0,0,0,0,0,0,0,0,0,0,0,0,0,0,0,0,0,0,0,0,0,0,0,0,0,0,6.21056,0,0,0,0,0,0,0,0,0,0,0,0,0,0,0,0,0,0,0,0,0,2.0242,0,2.39787,0,0,0,0,0,0,21.6431,0,0,0,0,19.8513,0,0,0,7.48499,2.89574,0,0,0,0,0,0,0,0
"chick_phage_5304",0.006979,0,0,0.093041,0,0,0,0,0,0,0,0,0,0,0,0,0,0,0,0,0,0,0,0,0,0,0,0,0,0,0,0,0,0,0,0,0,0,0,0,0,0,0,0,0,0,0,0,0,0,0.527702,4.48826,0.003593,0,0,0,0,0,0,0,0,0,0,0,0,0,0,0,0,0,0,0,0,0,0,0,0,0,0,0,0,0,0,0,0,0,0,0,0,0,0,0,0,0,0,0,0,0,0,0,0,0,0.171415,0,0,0,0.127896,0,0,0,0,0,0,0,0,0,0,0,0,0,0,0,0,0,0,0,0,0,0,0,0,1.04635,0,0,0,0,0,33.8558,0,0,0,0,0,0,0,0,0,0,0,0,0,0,0,0,0,0.091906,0,0,0,0,0,0,0,0,0,0,0,0.078218,0.432157,0.116084,0,0,0,0,0,0,0,0.090467,0,0,0,0,0,0,0,0,0,0,0,0,0,0,0,0,0,0,0,0,0,0,0,0,0,0,0,0,0,0,0,0,0,0,0,0,0,0,0,0,0,0.223945,0,0,0,0.478574,0,0,0,0,0.431346,0,0,0,0.332208,0,0,0,0,0,0,0,0,5.37259,0,0,0,0.643054,0,0,0,0,0,0,0,0,0,0,0,0,0,0,0,0,0,0.164192,1.15254,0,0,0,0,0,0.895029,0,0,0,0.641655,0,0,0,0,0,0,0.539696,0,0,0,5.1343,1.07713,0,0,0,0,0.107434,0.214915,0,4.44844,0,0,0,0,0,0,0,0,0,0,0,0,0,0,0,0,0,0,0.13344,0,0,0,0,0,3.09272,0,0,1.5833,0,0,0,0.795072,0,0,0,0.722286,0,0,0,0,0,0,0,0,0,0,0,0,0,0,0,0,0,0,0,0,0,0,0,0,0,0,0,0,0,0,0,0,0,0,0,0,0,0,0,0,0,0,0,0,0,0,0,0,0,0,0,0,0,0,0,0,0,0,0,0,0,0,0,0,0,0,0,0,0,0,0,0,0,0,0,0,0,0,0,0,0,0,0,0,0,0,0,2.34502,0,0,0,0,0,0,0,0,0,0,0,0,0,0,0,0,0,0,0,0,0,0,0,0,0,0,0,0,0,0,0,0,0,0,1.58364,0,0,0,0,0,0,0,0,0,0,0,0,0,0,0,0,1.67212,0,0,0,0,0,0,0,0,0,0,0,0,0,0,0,0,0,0,0,0.722384,0,0,0,0,0,0,0,0,0,0,0,0,0,0,0,0,0,0,0,0,0,0,0,0,0,0,3.1906,0,0,0,0,0,0,0,0,0,0,0,0,0,0,0,0,0,0,0,0,0,0,0,0,0,0,0,0.955451,0,0,0,0,0,0,0,0,0,0,0,0,0,0,0,0,0,0,0,0,0,0,0,0,0.84336,0,0,0,0,0,0,0,0,0,0,0,0,0,0,0,0,0,0,0,0,0.929323,0,0,0,0,0,1.2997,0,0,0,0,0,0,0,0,0,0,0,0,0,0,0,0,0,0,0,0,0,0,0,0,0,0,0,0,0,0,0,0,0,0,0,0,0,0,0,0,0,0,0,0,0,0,0,0,0,0,0,0,0,0,0,0,0,0,0,0,0,0,0,0,0,0,0,0,0,0,0,0,0,0,0,0,0,1.11028,0,0,0,0,0,0,0,0,0,0,0,0,0,0,0,0,0,0,0,0,0,0,0,0,0,0,0,0,0,0,0,0,0,0,0,0,0,0,0,0,0,0,0,0,0,0,0,0,0,0,0,0,0,0,0,0,0,0,0,0,0,0,0,0,0,0,0,0,0,0,0,0,0,0,0,0,0,0,0,0,0,0,0,0,0,0,0,0,0,0,0,5.00888,0,0,0,0,0,0,0,0,0,0,0,0,0,0,0,0,0,0,0,0,0,0,0,0,0,0,0,0,0,0,0,0,0,0,0,0,0,0,0,0,0,0,0,0,0,0,0,0,0,0,0,0,0,0,0,0,0.881107,0,0,0,0,0,0,0,0,0,0,1.86484,0,0,0,0,0,0,0,0,0,0,0,0,0,0,0,0,0,0,0,0,0,0,0,0,0,0,1.58242,13.4682,0,0,0,117.774,0,0,0,0,0,0,0,0,0,0,0,30.1211,18.8954,69.5839,0,0,0,0,0,15.2611,0,0,0,51.3152,0,0,0,0,0,27.052,32.8532,21.2111,0,21.7754,0,80.5709,45.5818,0,0,0,0,0,68.531,0,0
"chick_phage_5252",0,0.146135,0,0,0,0.173072,0,0,0,0,0,0,0.097959,0,0.151163,0,0,0.018751,0,0,0,0,0,0,0,0.101468,0,0,0,0.104911,0,34.8838,0.139068,0.11433,0,0,0.089401,0,0,0.071884,0,0.263077,0.106174,0,2.87379,0.297593,0,2.15901,0,0,0,0.160826,0,0.136193,0.150137,0,0,0,0.666887,0,0,0,12.0312,0,0,0,0,0,0,0,0.17825,0,0,0,0,0.101589,0,0.093893,0,0,0.315026,0,0.168074,0,0.0871,0,0,0,0.065391,0,0,0,0.069362,0,0,0,0,0,0.060635,0,0.085452,0.530858,2.78067,0.099416,0.125989,0.092696,0,0.333433,0.29527,0.220828,0.374556,5.11954,18.716,12.3919,0,0,5.59878,0.280561,0,0,0,275.949,92.2749,0.727215,0.277878,0,0,0,1.12381,0,0,0.227656,0.185467,0.104294,0,0.270981,0.317775,0,0,0.417601,0.189802,0,0,0,0,0,0,0.090474,0.079504,0,0.050166,0,0,0,0,0,0.276598,0.066573,0,0,4.3483,0,22.0328,0,0,0,0,0.707717,1.12791,0,0,0,0,0,0,0,0,0,0,0,0,0,0,0,0,0,0,0,0,0,0,0,0,0,0,0,0,0,0,0,0,0,0,0,0.63703,6.68688,0,0,0,0,0,0,0,0,0,0,0,0.190273,0,0,0,0,0,7.49664,0,0,0,0,0,0,0.248451,0,0,0,0,0,0,0,0,0,0,4.30673,3.64277,0,0,0,0,0,0,1.40564,0,0,0,0.894968,0,0,0.351562,0,1.11079,0,0,0,0.576717,0,0,45.0864,0,0,0,0,0,0,0,0,0,0,0,1.4542,0,0,0,0,0,0,0,0,5.6596,0,0,0,0,0,0,0,1.08878,0,0,0,0,0,0,0,0,0,0,0,0,0,0,0,0,0.653189,0,0,0.179081,0.264224,0,0,0,0,0,22.6628,16.5346,0,0,0,1.94606,0.539896,0,0,0,0,0.779816,0,0,0,0,0,0,0,0,0,0,0,0,0,0,0,0,0,0,0,0,0,0,0,0,0,0,0,0,0,0,0,0,0,0,0,0,0,0.312535,0,0,0,0,0,0,8.87581,0,0,0,0,0.847199,0,0,0,0,0,10.6574,4.00054,0,3.85818,0,0,0,0,0,0,0,1.39629,1.33863,0,0,0,1.25444,44.989,1.37743,0,0,0,5.9962,0,0,0,0,0.876875,0,0,0,0,3.97485,1.50085,0,0,0,0,0,0,0,0,0,0,0,0,0,0,1.70581,0,0,0,4.54382,10.0102,0,0,0,0,0,0,0,0,0,0,34.9753,32.5602,0,1.66647,0,0,0,6.09304,0,0.855632,0,1.5425,0,0,0,0,0,0,1.63711,0,0,0,0,0,0,0,0,0,0,0,0,0,0,0,0,0,0,0,0,0,0,0,0,0,0,0,0,0,1.32183,0,0,0,0,0,0,0,0,0,0,0,0,0,0,0,1.43891,10.9333,0,0,0.375649,0,11.4946,0,0,1.49924,0,0,98.6693,0.827091,0,0,0,6.47534,0,0,2.31939,0,0,0,0,0,0,0,0,0,0,0,0,1.82204,7.58042,0,0,0,0,0,0,0,0,0,0.480541,2.94467,0,0,0,0,0,0,0,0.960458,1.65138,0,0,0,0,6.23657,1.87788,49.7759,4.14616,10.0709,3.58417,0,0,0,0,0,0,0.432996,0,0,0,0,0,0,0,0,5.8761,0,0,0,0,0,6.33778,6.85616,0,0,0,0,0,0,1.63469,8.84575,0,0,0,0,0.837829,0,0,0,0,0.518879,0,0,0,0,0,0,0,0,0,0,0,0,0,0,0,0,0,0,0,0,0,0,0,0,0,0,0,0,25.6842,2.22973,1.68838,0,0,0,0,0,0,0,0,0,0,0,0,0,0,0,0,0,0.985362,0,0,2.01208,0,0,0,0,0,0,3.58006,0,0,0,0,0,0,0,0,0.877511,0,0,0,0,0,0,0,0,0,0,0,0,0,0,0,0,0,0,0,0,0,1.3785,0,0,0,0,0,0,0,1.6512,0,1.70791,1.00281,0,2.33546,0,0,0,0,1.67475,0,0,13.5872,0,0,0,0,0,0,0,0,0,0,0,0,0,0,1.96084,0,0,0,0,0,0,0,0,0,0,0,1.6678,0,0,0,0,0,0,0.626626,0,0,0,0,0,0,0,0,0,0,0,0,0,0,0,0,0,0,0,0,1.51478,0,0,12.0087,0,0,6.91819,0,0.370727,2.48088,3.65186,0,0.922753,5.35096,0,0,4.59667,0.279615,0.275814,0,42.1136,195.574,0,0,0,0,0,0,0,0,0,0,0,0,0,0,0,0,0,1.62611,0,0,0,0,0,0,0,0,0,0,0,0,0,0,0,0,0,0,0,2.8807,0,0,0,0,0,0,0,0,0,0,0,0,0,0,0,0,0,0,0,0,0,0,0,0,0,0,0,0,0,0,0,0,0,0,0,0,0,0,0,0,0,0,0,0,0,0,0,0,0,0,0,0,0,0,0,0,0,0,0,0,0,0,0,0,0,0
"chick_phage_4621",13.5378,0,0,0,0,0,0,0,0,0,0,0,0,0,0,0,0,0,0,0,0,0,0,0,0,0,0,0,0,0,0,0,0,0,0,0,0,0,0,0,0,0,0,0,1.60076,0,0,0,0,0,0,11.791,1.4173,0,0,0,0,0,0,0,0,0,0,0,0,0,0,0,0,0,0,0,0,0,0,0,0,0,0,0,0,0,0,0,0,0,0,0,0,0,0,0,0,0,0,0,0,0,0,0,0,0,0,0,0,0,0,0,0,0,0,0,0,0,0,0,0,0,0,0,0,0,0.084115,0,0,0,0,0,0,0,0,0,0,0,0,0,0,1032.66,3.039,0,0,0,0,0,0,0,0,0,0,0,0,0,0,0,0,0,0,0,0,0,0,0,0,0,0,0,0,0,0,0,0,0,0,0,0,0,0,0,0,0,0,0,0,0,0,0,0,0,0,0,0,0,0,0,0,0,0,0,0,0,0,0,0,0,0,0,0,0,0,0,0,0,0,0,0,0,0,0.141515,0,0,0,0,0,0,0,0,0,243.216,0,0,2.21749,0,0,0,0,0,0,0,0,0,0,42.1723,0,0,0,0,0,0,0,0,0,25.0264,0,0,0,0,0,0,0,0,0,0,0,0,0,0,0,0,0,0,0,0,0,0,0,617.971,0,96.289,0,0,0,0,0,0,0,0,0,0,0,0,0,0,0,0,0,0,0,0,0,0,0,15.8504,0,0,75.4951,0,0,0,0,0,0,0,0,0,0,0,0,0,0,0,0,0,0,0,0,8.16249,0,0,0,0,0,0,0,0,0,0,0,0,0,0,0,0,0,0,0,0,0,0,0,0,0,0,0,0,0,0,0,0,0,0,0,0,0,0,0,0,0,0,0,0,0,0,0,0,0,0,0,0,0,0,0,0,0,0,0,0,0,0,0,0,0,0,0,0,0,0,0,0,0,0,0,0,0,0,0,0,0,0,0,0,0,0,0,0,0,0,0,0,0,0,0,0,0,0,0,0,0,0,0,0,0,0,0,0,0,0,0,0,0,0,0,0,0,0,0,0,0,0,0,0,0,0,0,0,0,0,0,0,0,0,0,0,0,0,0,0,0,0,0,0,0,0,0,0,0,0,0,0,0,0,0,0,0,0,0,0,0,0,0,0,0,0,0,0,0,0,0,0,0,0,0,0,0,0,0,0,0,0,0,0,0,0,0,0,0,0,0,0,0,0,0,0,0,0,0,0,0,0,0,0,0,0,0,0,0,0,0,0,0,0,0,0,0,0,0,0,0,0,0,0,0,0,0,0,0,0,0,0,0,0,0,0,0,0,0,0,0,0,0,0,0,0,0,0,0,0,0,0,0,0,0,0,0,0,0,0,0,0,0,0,0,0,0,0,0,0,0,0,0,0,0,0,0,0,0,0,0,0,0,0,0,0,0,0,0,0,0,0,0,0,0,0,0,0,0,0,0,0,0,0,0,0,0,0,0,0,0,0,0,0,0,0,0,0,0,0,0,0,0,0,0,0,0,0,0,0,0,0,0,0,0,0,0,0,0,0,0,0,0,0,0,0,0,0,0,0,0,0,0,0,0,0,0,0,0,0,0,0,0,0,0,0,0,0,0,0,0,0,0,0,0,0,0,0,0,0,0,0,0,0,0,0,0,0,0,0,0,0,0,0,0,0,0,0,0,0,0,0,0,0,0,0,0,0,0,0,0,0,0,0,0,0,0,0,0,0,0,0,0,0,0,0,0,0,0,0,0,0,0,0,0,0,0,0,0,0,0,0,0,0,0,0,0,0,0,0,0,0,0,0,0,0,0,0,0,0,0,0,0,0,0,0,0,0,0,0,0,0,0,0,0,0,0,0,0,0,0,0,0,0,0,0,0,0,0,0,0,0,0,0,0,0,0,0,0,0,0,0,0,0,0,0,0,0,0,0,0,0,0,0,0,0,0,0,0,0,0,0,0,0,0,0,0,0,0,0,0,0,0,0,0,0,0,0,0,0,0,0,0,0,0,0,0,0,0,0,0,0,0,0,0,0,0,0,0,0,0,0,0,0,0,0,0,0,0,0,0,0,0,0,0,0,0,0,0,0,0,0,0,0,0,1.73576,0
"chick_phage_4328",0,0,0,0,0,0,0,0,0,0,0,0,0,0.243376,0,0,0.070595,0,0,0,0,0,0,0,0,0,0,0,0,0,0,33.2533,0,0,0,0,0,0,0,0,0,0,0,0,5.64778,1.41359,0,1.88731,2.17797,0,0,0,0,0,0,0,0,0,0,0,0,0,11.2801,0,0,0,0,0,0,0,0,0,0,0,0,0,0,0,0.17435,0.214978,0,0,0,0,0,0,0,0,0,0,0,0,0,0,0,0,0,0,0,0,0,21.0987,7.58392,0.092423,0,0,0.550148,0,0,1e-06,0,4.51895,53.2148,21.6755,0.083035,0,43.2688,1.51282,0,0,0,0,657.628,0,0,1.05011,0,0,0,0,0,0,0,0.095139,0,0,0,0.373395,0,0,0,0,0,0,0,0,4.46735,0,0,0,0,0,0,0,0,0,0,0,0,0,17.3395,0,68.4023,0,0,0,0,0,0,0,0.080628,0,0,0,0,0,0,0,0,0,0,0,0,0,0,0,0,0,0,0,0,0,0,0,0,0,0,0,0,0,0,0,0,0,0,0,0,0,0,0,0,0,0,0,0,0,0,0,0,2.89027,0,0,0,0,0,0,0,0,0,0,0,0,0,0,0,0,0,0,0,0,0,0,0,0,0,0,0,0,0,0,0,0,0,0,0,0,0,0,0,0,0,0,0,0,0,0,0,0,0,0,0,0,0,0,0,0,0,0,0,0,0,0,0,0,0,0,0,0,0,0,0,0,0,0,0,0,0,0,0,0,0,0,0,0,0,0,0,0,0,0,0,0,0,0,0,0,0,0,0,0,0,0,0,0,0,0,0,0,0,0,0,0,0,6779.75,9526.02,14047.1,5870.97,4396.15,4092.33,7044.06,6226.22,7768.07,8541.81,666.296,162.201,163.014,1085.92,826.754,210.392,698.259,664.315,826.754,7044.36,8393.74,698.26,662.232,13225.9,190.206,6562.42,4396.22,4092.27,14047.2,1085.92,5599.3,182.396,9783.29,163.001,6326.68,0,0,0,0,0,0,0,0,0,0,0,0,0,0,0,0,0,0,0,0,0,0,0,0,0,0,0,0,0,0,0,0,0,0,0,0,0,0,0,0,0,0,0,0,0,0,0,0,0,0,0,0,0,0,0,0,0,0,0,0,0,0,0,0,0,0,0,0,0,0,0,0,0,0,0,0,0,0,0,0,0,0,0,0,0,0,0,0,0,0,0,0,0,0,0,0,0,0,0,0,0,0,0,0,0,0,0,0,0,0,0,0,0,0,0,0,0,0,0,0,0,0,0,0,0,0,0,0,0,0,0,0,0,0,0,0,0,0,0,0,0,0,0,0,0,0,0,0,0,0,0,0,0,0,0,0,0,0,0,0,0,0,0,0,0,0,0,0,0,0,0,0,0,0,0,0,0,0,0,0,0,0,0,0,0,0,0,0,0,0,0,0,0,0,0,0,0,0,0,0,0,0,0,0,0,0,0,0,0,0,0,0,0,0,0,0,0,0,0,0,0,0,0,0,0,0,0,0,0,0,0,0,0,0,0,0,0,0,0,0,0,0,0,0,0,0,0,0,0,0,0,0,0,0,0,0,0,0,0,0,0,0,0,0,0,0,0,0,0,0,0,0,0,0,0,0,0,0,0,0,0,0,0,0,0,0,0,0,0,0,0,0,0,0,0,0,0,0,0,0,0,0,0,0,0,0,0,0,0,0,0,0,0,0,0,0,0,0,0,0,0,0,0,0,0,0,0,0,0,0,0,0,0,0,0,0,0,0,0,0,0,0,0,0,0,0,0,0,0,0,0,0,0,0,0,0,0,0,0,0,0,0,0,0,0,0,0,0,0,0,0,0,0,0,0,0,0,0,0,0,0,0,0,0,0,0,0,0,0,0,0,0,0,0,0,0,0,0,0,0,0,0,0,0,0,0,0,0,0,0,0,0,0,0,0,0,0,0,0,0,0,0,0,0,0,0,0,0,0,0,0,0,0,0,0,0,0,0,0,0,0,0,0,0,0,0,0,0,0,0,0,0,0,0,0,0,0,0,0,0,0,0,0,0,0,0,0,0,0,0,0,0,0,0,0,0,0,0,0,0,0,0,0,0,0,0,0,0,0,0,0,0,0,0,0,23267.9,320.807,131.388,16.637,16114.3,0,15.6111,916.721,1579.84,74.4601,17.6502,25.7926,0,0,216.545,182.565,7454.26,12876.6,15739.2,501.584,80.0838,18494.9,15602.7,13.413,20658.7,34.9617,3184.07,32.5611,24129.8,35.3696,15071.6,8863.44,2080.54,65.1865,12056,18213,19975.9,31.5135,12825,373.19,9045.72,14196.4,73.015,8.20544,63.9102,0,222.802,17920.7,10.3455,2.4027
"chick_phage_4414",1036.28,0,0,0.091238,6.59146,0.051506,0.088221,0.075696,0,0.496434,0.695375,0.405101,0.114993,0,0.631668,0.11472,0.203717,0,0,0,0.504107,1.04484,0,0,0,0.090595,0,0,0.526928,0,0,0.322342,0,0.102078,0,0.918715,0.110251,0.274919,0.037186,2.40355,0.32302,0.759876,0.14409,86.8907,31.3692,61.115,12.6857,0.812704,4.90439,0.197809,0.778207,31.5042,50.9303,1.29555,0,0.299139,33.1083,36.3502,0.773939,0.153659,0.345492,0,0,0,0.127524,0.10438,0,0,0,0,0,0,0,0,0,0,0,0.25307,1.07574,0,0.605401,0,0.422363,0,0,4.91635,0.143313,5.99275,0,12.0314,0,0,1.68348,0.377239,0,0,0.223591,0.262746,0.328983,0,0.192544,0,0,10.5264,351.197,0.460969,0,1.33694,0.618023,18.7801,196.926,0.789577,0,0,0.211415,0,0.709942,5.95498,1.1397,0,866.085,0.253026,7.68819,0.7792,0.350281,1.74534,0.086941,13.4351,299.903,0.952623,0,0.316197,0.08285,0.061141,0.781878,0.701425,141.324,0.399093,13.3969,6.26586,0.173726,0.336136,0,0.685205,0,0,0.122758,0,4.37608,0.092482,0.044793,0.141204,0.21827,0,18.0154,69.3301,3.95122,0.299328,0,483.233,23.4475,2.55935,301.787,0.138998,0.245916,0.462441,1.03693,3.50101,257.162,8.41394,0.153085,322.469,0,0,0,0.939709,0.126694,0.322358,0,0,0,0,0,0,0,0,0,0,0,0,0,0,0,0,0,0,0,0,0,0,0,0,0,0,0,1.08533,0,0.852326,0,0,1.0783,0,0,3.86565,0,0,0,1.08514,0,0,1.49923,0,0,0.836471,0,1.4702,0,0,0,0.693395,0,0,0,0,0,0.23992,0.192606,0,0,0.435316,0.577163,0.640734,0.812931,0,0,1.12394,1.59852,0,0.742678,0.250965,7.30685,0,0,3.19566,0,0,0.313849,0,0,0,1.26324,0,0,0,0.503681,0,0.488257,0.582097,0.512542,0.632006,0.3911,0.108808,0,5.59163,0,7.64755,0,2.27168,0,0,0,0,0.939696,0,0,0,0,0,1.06428,0.092498,0.531832,0,0,0,0,3.29448,0,0,0,1.77249,4.85373,0.624783,5.65145,0,1.66081,0,0,0,0,0,0,82.2152,0.141412,0,0.242986,0,0,3.04818,0,1.80191,0.607405,0,0,0.457118,0.344887,2.01821,1.38991,0,0,0,0,0,0,0,0,0,0,0,0,0,0,0,0,0,0,0,0,0,0,0,0,0,0,0,0,0,0,0,0,0,0,0,0,0,0,0,0,0,0,0,0,0,0,0,0,0,0,0,0,0,0,0,0,0,0,0,0,0,0,0,0,0,0,0,0,0,0,0,0,0,0,2.11624,0,0,0,0,0,0,0,0,0,0,0,0,0,0,0,0,0,0,0,0,0,0,0,0,0,0,0,0,0,0,0,0,0,0,0,0,0,0,0,0,0,0,0,0,0,0,0,0,0,0,0,0,0,0,0,0,0,0,0,0,0,0,0,0,0,0,0,0,0,0,0,0,0,0,0,0,0,0,0,0,0,0,0,0,0,0,0,0,0,0,0,0,0,0,0,0,0,0,0,0,0,0,0,0,0,0,0,0,0,0,0,0,0,0,0,0,0,0,3.0263,0,0,1.26146,0,0,0,0,0,0,0,0,0,0,0,0,0,0,0,0,0,0,0,0,0,0,0,0,0,0,0,0,0,0,0,0,0,0,0,0,0,0,0,0,0,0,0,0,0,0,0,0,0,0,0,0,0,0,0,0,0,0,0,0,0,0,0,0,0,0,0,0,0,0,0,0,0,0,0,0,0,0,0,0,0,0,0,0,0.861376,0,0,0,0,0,0,0,0.74799,0,0,0,0,0,0,0,0,0,0,0,13.0263,0,0,0,0,0,0,0,0,0,0,0,0,0,0,0,0,0,0,0,0,0,0,0,0,0,0,0,0,0,0,0,0,0,0,0,0,0,0,0,0,0,0,0,0,0,0,0,0,0,0,0,0,0,0,0,0,0,0,0,0,0,0,0,0,0,0,0,0,0,0,0,0,0,0,0,0,0,0,0,0,0,0,0,0,0,0,0,0,0,0,0,0,0,0,0,0,0,0,0,0,0,0,0,0,0,0,0,0,0,0,0,0,0,0,0,0,0,0,0,0,0,0,0,0,0,0,0,0,0,0,0,0,0,0,0,0,0,0,0,0,0,0,0,0,0,0,6.91514,2.19245,0,0,0,0,0,0,0,0,0,0,0,0,0,0,0,0,0,0,0,0,0,0,0,0,0,0,0,0,0,0,0,0,0,0,0,0,0,0,0,0,0,0,0,0,0,0,0,0,0,0,0,0,0,0,0,0,0,0,0,0,0,0,0,0,0,0,0,0,0,0,0,0,0,0,0,0,0,0,0,0,0,0,0,0,0,0,0,0,0,0,0,0,0,0,0,0,0,0,0,0,0,0,0,0,0,0,0,0,0,0,0,0,0,0,0,0,0,0,0,0,0,0,0,0,0,0,0,0,0,0,0,0,0,0,0,0
"chick_phage_5067",3.24249,0,0,0,0,0,0,0,0,0.395467,0.084943,0.087662,0.162578,0.501033,1.25443,0,0.166078,0,0,0.31199,0.315691,11.8424,0,0.377105,0.212314,0.168429,0.211427,0.23551,0.09262,0.290223,0.079021,0.199752,0.07694,0.126512,0,0.376222,0.098926,0.063513,0.023786,0.559694,0.065386,0.29109,0.469905,0.636565,0.052904,9.15453,0.239114,1.01846,0.100147,97.3183,0.025986,0,2.79395,3217.76,0.249202,2.2801,0.087068,0.705568,0.195843,0,0.342558,0,0.27786,0.613783,0,0.129096,0.062627,0,0,0,0,0.286773,0,1.98384,0,0,0,0.051951,0,0,0.116191,0,0,0,0,0,0,0,0,0,0,0,0,0,0.140587,0.211681,0.038457,0.329263,0.167715,0.158265,0,0,0,0.137797,215.572,0.102562,0,0.491952,5.88076,0,0.195933,2.52462,0.633481,0,0.048841,0,0.472379,0.499581,181.813,0,5.26786,0.139444,0,0.402323,0.102497,0.043685,0.029856,0.144283,1.03622,0.751982,0.064633,142.061,0.102609,0,0.059455,1.04937,3.49053,0,2.50788,0.385039,0,0,0.817854,0,0,0.056816,0,0,0,0.394717,0.194274,0.21307,0.202327,0.334298,424.503,24.8127,0.306044,0.036834,0.224326,0.462236,0.401766,1.05771,0.290883,1.79355,0.457179,0.378892,0.218822,0.127112,1.1704,0.062878,0,485.691,0,0,0,0.249555,0,0.049001,0,0,0,0,0,0,0,0,0,0,0,0,0,0,0,0,0,0,0,0,0,0,0,0,0,0.252266,0,0,0,0,0,0,0.18474,0,0,0,0.265696,0,0,0.052595,0,0,0,0,0.145789,0.25899,0,0.182092,31.2862,0,0,0,0,0,0,0,0,0,0,0,0,0.269587,0.595748,0,0,0,0,0,0,0,0,0,0,0,0,0,0,0,18.4692,0,0.81878,0,0,0,0,0,0.312014,0,0,0,0,0,7.7504,0.134799,0,3.89532,0,0.242034,0.765627,0,0,0,0,0,0,0.057001,0,0,0,0,0,0,0,0,0,0,0,0,0,0,0,0,0,0,0,0,0,0,0.588748,0,0,0,0,1.08352,0,0.144441,0.593899,0,0,0.031808,0.132591,0,0,0,0,0,0,0,0.430549,0,0,0,0,0,0.431213,0,0,0,0,0,0,0,0,0,0,0,0,0,0,0,0,0,0,0,0,0,0,0,0,0,0,0,0,0,0,0,0,0,0,0,0,0,0,0,0,0,0,0,0,0.350642,0,0,0.61127,0,0,0,0,0,0,0,0,0,0,0,0,0,0,0,0,0,0,0,0,0,0,0,0,0,0,0,0,0,0,2.00884,0,0,0,0,0,0,0,0,0,0,0,0,0,0,0,0,0,0,0,0,0,0,0,0,0,0,0,0,0,0,0,0,0,0,0,0,0,0,0,0,0,0,0,0,0,0,0,0,0,0,0,0,0,0,0,0,0,0,0,0,0,0,0,0,0,0,0,0,0,0,0,0,0,0,0,0,0,0,0,0,0,0,0,0,0,0,0,0,0,0,0,0,0,4.47079,0,0,0,0,0,0,0,0,0,0,0,0,0,0,0,0,0,0,0,0,0,0,0,0,0,0,0,0,0,0,0,0,0,0,0,0,0,0,0,0,0,0,0.815465,0,0,0,0,0,0,0,0,0,0,0,0,0,0,0,0,0,0,0,0,0,0,0,0,0.712854,0,0,0,0,0,0,0,0.164123,0,0,0,0,0,0,0,0,0,0,0,0,0,0,0,0,0,0,0,0,0,0,0,0,0,0,0,0,0,0,0,0,0,0,0.463415,0,0,0,0,0,0,0,0,0,0,0,0,0,0,0,0,0,0,0,0,0,0,0,0,0,0,0,0,0,0,0,0,0,0,0,0,0,0,0,0,0,0,0,0.736766,0,0,0,0,0,0,0,0,0,0,0,0,0,0,0,0,0,0,0,0,1.69187,0,0,0,0,0,0,0,0,0,0,0,0,0,0,0,0,0,0,0,0,0,0,0,0,0,0,0,0,0,0,0,0,0,0,0,0,0,0,0,0,0,0,0,0,0,0,0,0,0,0,0,0,0,0,0,0,0,0.708129,0,0,0,0,0,0,0,0,0,0,0.586185,0.527445,0,0,0,0,0,0,0,0,0,0,0,0,0,0,0,0,0,0,0,0,0,0,0,0,0,0,0,0,0,0,0,0,0,0,0,0,0,0,0,0,0,0,0,0,0,0,0,0,0,0,0,0,0,0,0,0,0,0,0,0,0.647319,0,0,0,0,0,0,0.269444,0,0,1.62529,0,0,0,0,0,0,0,0,0,0,0,0,0,0,0.493395,0,0,0,0,0,0,0,0,0,0,0.540076,0,0,0,0,0.497715,0,0,0,0,0,0,0,0,0,0,0,0,0,0,0,0,0,0,0,0,0,0,0,0,0,0,0,0,0,0,0,0,0,0,0,0,0,0,0,0,0,0,0,0,0,0,0,0,0,0,0,0,0,0,0,0,0,0,0
"chick_phage_4126",19.965,0.601786,0.202737,0.089284,0,0.057799,0.195098,0,0.242927,0.077206,1.67616,0.244267,0.049046,0.265774,0.30564,0,0,0.052748,0,0.382134,0,0.222476,0.080343,0.226631,0,0.100894,0.429714,0,0,0.307916,0,0,0.137909,0,0,0,0,0,0.041637,0,0,0,0,0,2.55825,0,6.88009,1.49891,0.089349,0,0.18649,0.843798,0.058429,0,0,0,0.030432,0,11.4157,0.166375,0,0.124912,0.099329,0.154071,0.678073,2.75576,0,0.232259,0.20308,0,1.28903,0.172261,0.119751,1.04731,0.115297,0.402166,0.901986,0.285125,0.537591,0,0.104567,0.412113,0.082474,0.246771,0,0.237121,0.077938,0.090341,0,0,0,0.094765,0.070147,0,0.62771,0,0,0.057933,0.060089,0,0.084343,0.232196,0.168153,0.081881,5.76586,0.091243,0,0.112879,0.430057,0,0.117142,0.13271,0.158125,158.22,0.519016,0.965277,0.430625,0.376048,12.6384,0.183299,0.350878,0.081222,0.167333,70.1981,21.1423,0.451242,0,11.8217,1.75979,0,29.7784,0,1.28198,0.070176,0.421488,0,0.275519,0,0,0,0.746209,0.244428,0,0,0,0,0,0.354236,0.078614,0,0.203884,0,1.69314,0.36088,0,0.088843,80.2483,0.065401,0,0.090815,0,0,0.738898,0,0.183562,0.279009,0.394476,2.53068,0,111.955,132.677,0.138689,0.146245,0.058315,53.4901,0.29591,0.27879,6.20794,0.030929,0,0,0,0.219036,0.266087,0.11523,1.81851,0,0.085385,1.57499,0.402423,0.102405,0.897507,0.650047,0.495524,0,0.498272,0,1.14204,0,0.286708,0.651021,0,0,0,34.1439,0,0.401009,0.459733,0,0,0.328273,0,0,0,0,0,0,0,0.270126,0,4.50974,0,0,0.46277,0.352272,4.48051,0,0,13.1052,0,16.4492,0.506194,1.62513,0,1.66296,0,0,0,0,0.721222,0,0.726836,0,0,0.356995,0,0,0,0.353019,0,0.426608,0,0,0,0,20.1901,16.7385,0,1.46206,0,0,0,0,0.155783,1.66648,2.83383,0,0.63944,0,1.40585,211.384,0,0,1.58297,7.89481,0,0,0.36442,0,0,2.74735,0.774341,6.70937,0,0.175728,84.3707,222.953,4.34336,2.72602,0.202086,2.9231,0,0,0,1.07664,0,0,0,2.16248,0,0,0,20.8047,0,0,0,1.02939,0,1.97303,0,0,13.7503,0.306279,1.66296,0,0,0.703293,0,0.05795,0.975654,0,0,2.54982,0.509935,0.761243,0.740874,2.69059,0,0.515028,0,0.70102,0,0,0,0,63.003,0,248.041,144.372,358.292,53.6249,179.169,245.442,306,0,0,168.204,136.165,111.92,0,0,136.165,358.301,216.925,0,0,0,87.3893,78.0511,248.043,144.371,63.0032,168.204,0,0,184.376,0,67.1901,0,0,0,0,0,0,0,0.574312,4.57708,1.24852,0,0,2.29116,0,0,0,0,0,0,0,3.40194,1.30925,2.45433,2.00528,0,0,1.37233,0,0,3.35054,0,0,0,0,0,0,1.25355,0,0,0,0,6.48939,0,1.20993,0,0,0,0.85638,1.05201,0,1.13549,1.13308,2.02863,0,0,0,0,0,0,0,0,0,0,0,0.976938,0,1.02088,0,0,0,0,0,19.1863,0,0,0,0,0,0,0,0,0,0,0,0,1.53017,0,1.61097,0,0,0,0,0,0,0.998512,2.9822,0.982709,0,0,0,0,0,0,0,0,0,0,0,0,0,0,0,0,0,0,0,0,0,0.857813,0,0,0,0,0,0,0,0,1.61713,1.79693,0,0,0,0,0,0.572257,0,0,0,0,0,0,0,0,0,0,0,0,0,2.83009,0,0,0,0.726237,0,0,0,0,0,0,0,0,0,0,0,0,5.12811,2.83065,0,0,0,0,0,0,1.61852,0,0,0,1.8329,0,0,1.42589,0,3.24782,0,0,0,0,0,0,0,0,0,0,0,0,0,0,0,0,0,0,3.81652,0,2.33977,0,0,0,0,1.81526,0,1.38656,0,0,0,0,0,0,0,0,0,0,0,0,0,0,0,1.01753,0,2.15804,0,0,0,0,1.41974,1.86812,5.23209,0,0,0,0,0.932728,0,0,0,0,0,0,0,0,0.934629,0,0,0,0.501592,0,0,0,0,7.41049,0,0,0,0,0,0,0,0,0,0,0,0,1.35953,0,0,0,0,0,0,0,0,0,0,0.927958,17.9736,0.822259,1.63648,0,0,0,0,0,0,2.57569,0,0,0,0,0,0,0,0,0,0,0,0,0,0,0,0,0,0,0,0,0,0,0,0,0,0,0,0,0,0,0,0,0,0,0,0,0,0,0,0,0,0,0,0,0,0,0,0,1.90552,0,0,0,0,0,0,0,0,0,0.817171,0,0,1.96535,0,0,0,0,0,0,1.64656,0,0,0,0,0,0,0,0,0,0,0,0,0,0,0,0,0,0,0,0,0,0,0,0.757708,0,0,0,0,0,0,0,0,0,0,0,0,3.65275,15.0888,0,0,0,0,0,0,0,3.74403,6.48547,0,0,1.28476,0,2.70981,0.534596,0,0,0,0,1.47464,0,0,0.453175,0,0,1.37937,0.934845,0.358378,16.2805,0,0,0.446012,0,0,0,0,0,0,0,4.00946,0,0,0,0,0,0,0,0,0,0,0,0,0,0,0,0,0,1.54733,0,0,0,0,0,0,2.93715,1.42576,0,0,2.15657,0,0,0,0,0,0,0,0,0,0,1.05139,0,0,0,0.834563,2.8811,0,0,3.02897,0,1.52763,0,0,0,0,1.49771,0,69.7196,626.319,468.07,22.983,1651.74,759.746,132.519,72.6539,2.81038,2166.8,93.4823,160.797,700.762,262.728,16.0346,604.618,9.83674,203.689,151.262,30.1653,339.227,43.0467,2946.19,26.4724,122.048,1696.89,529.857,0,2942.24,0,279.037,17.0125,0,137.261,27.3619,46.9168,622.215,71.7717,190.162,29.9497,196.552,21.5751,468.395,226.68,345.399,5082.69,20.3793,4571.6,409.727
"chick_phage_4605",0,0,0,0.182369,0,0.139181,0,0,0,0,0,0,0,0,0,0,0,0,0,0,0,0,0,0,0,0,0,0,0,0,0,0,0,0,0,0,0,0,0,0,0,0,0,0,0,0,0,0,0,0,0,0,0,0,0,0,0,0,0,0,0,0,0,0,0,0,0,0,0,0,0,0,0,0,0,0,0,0,0,0,0,0,0,0,0,0,0,0,0,0,0,0,0,0,0,0,0,0,0,0,0,0,0,0,0,0,0,0.089386,0,57.6343,0,0,1.64427,0.049247,0,0,0,0,0,0,0,0,0,0,1.73456,0,0,0,0.060252,0,0,1.0326,0,0,0,0,0,1079.26,2.22752,0,0,0.150125,0,0,0,0,0,0,0,0,0,0,0,0,0,0,0,0,0,0,0,0,0.046983,0,0,0,0,0,0,0,0,0.764105,0,0,0,0,0,0,0,0,0,0,0,0,0,0,0,0,0,0,0,0,0,0,0,0,0,0,0,0,0,0,0,2.76891,0,1.03181,1.3221,212.758,0,31.6313,2.43469,5.23401,0,62.686,0,0,0,0,0,1.39002,16.4832,0.173494,0.272453,6.08883,2.19884,0,0,5.54229,39.7219,0,0,1.25282,12.9547,0,0,3.61115,1.69141,36.1756,1.34646,7.44292,9.42039,8.49203,8.0978,5.02093,4.28052,5.77777,5.45576,6.79439,18.4982,3.5468,34.5072,0.707909,0,34.2284,0,0,0,0,4.08817,0,0,0,9.54745,0.674202,4.69847,7.45917,0.439744,6.61413,1.38486,0,1.05669,0.423888,0.487343,8.27474,3.8531,177.67,27.2192,17.6035,0,0,0,1.06193,0,0.206353,0,0,0,0.892529,13.0082,2.7397,0,0,0,6.38982,0,2.13441,0,2.51826,0,0,3.08026,0.635109,10.8244,0,0.717541,0,0,0,1.61982,0,0,0,0.377868,1.38365,1.05625,0,10.521,0,0.4472,0,0,0.563057,0.415439,1.27829,0,1.22884,22.5052,0,1.15791,4.69169,0.568427,12.2792,14.4124,0,0,0,0,0,0,0,0,0,0,0,0,0,0,0,0,0,0,0,0,0,0,0,0,0,0,0,0,0,0,0,0,0,0,0,0,0,0,0,0,0,0,0,0,0,0,0,0,0,0,0,0,0,0,0,0,0,0,0,0,0,0,0,0,0,0,0,0,0,0,0,0,0,0,0,0,0,0,0,0,0,0,0,0,0,0,0,0,0,0,0,0,0,0,0,0,0,0,0,0,0,0,0,0,0,0,0,0,0,0,0,0,0,0,0,0,0,0,0,0,0,0,0,0,0,0,0,0,0,0,0,0,0,0,0,0,0,0,0,0,0,0,0,0,0,0,0,0,0,0,0,0,0,0,0,0,0,0,0,0,0,0,0,0,0,0,0,0,0,0,0,0,0,0,0,0,0,0,0,0,0,0,0,0,0,0,0,0,0,0,0,0,0,0,0,0,0,0,0,0,0,0,0,0,0,0,0,0,0,0,0,0,0,0,0,0,0,0,0,0,0,0,0,0,0,0,0,0,0,0,0,0,0,0,0,0,0,0,0,0,0,0,0,0,0,0,11.9857,0,0,0,0,0,0,0,0,0,0,0,0,0,0,0,0,0,0,0,0,0,0,0,0,0,0,0,0,0,0,0,0,0,0,0,0,0,0,0,0,0,0,0,0,0,0,0,0,0,0,0,0,0,0,0,0,0,0,0,0,0,0,0,0,0,0,0,0,0,0,0,0,0,0,0,0,0,0,0,0,0,0,0,0,0,0,0,0,0,0,0,0,0,0,0,0,0,0,0,0,0,0,0,0,0,0,0,0,0,0,0,0,0,0,0,0,0,0,0,0,0,0,0,0,0,0,0,0,0,0,0,0,0,0,0,0,0,0,0,0,0,0,0,0,0,0,0,0,0,0,7.63763,0,0,0,0,0,0,0,0,0,0,0,0,0,0,0,0,0,0,0,0,0,0,0,0,0,0,0,0,0,0,0,0,0,0,0,0,0,0,0,0,0,0,0,0,0,0,0,0,0,0,0,0,0,0,0,0,0,0,0,0,0,0,0,0,0,0,0,0,0,0,0,0,0,0,0,0.939365,0,0,0,0,0,0,0,0,0,0,0,0,0,0,0,0,0,0,0,0,0,0,0,0,0,0,0,0,0,0,0,0,0,0,0,0,0,0,0,0,0,0,0,0,0,0,0,0,0,0,0,0,0,0,0,0,0,0,0,0,0,0,0,71.9019,0,1.0301,0,0,0,0,0,0,9.84964,0,496.069,0,0,0,0,0,0,0,0,0,0,0,0,0,0,0,1.29004,2.50772,0,0,4.15383,0,0,74.5298,0,0,0,0,0,0,0,0
"chick_phage_3336",0,0,0,0,0,0,0,0,0,0,0,0,0,0,0,0.325689,0,0.031687,0.065105,0,0,0,0.068826,0,0,0,0,0,0,0,0,0,0,0,0,0,0,0,0,0,0,0,0,0.10234,0,0,0,0,0,0,0,0,0,0,0,0,0,0,0,0.43624,0.523126,0.433874,0.084673,0,2.13357,0.492857,1283.9,1.41463,0.266236,0.725359,0.150606,0.218984,0.416619,0.149614,0.892549,0.085836,0.261359,0.158668,0,0,0,0,0,0.204438,0,1.43474,0,0,0,0,0,0,0,0,0,0,0,0,0,0,0,0,0,0,0,0,0,0,0,0.466758,0,0,0.068975,0,0,0,0,0.333456,0.051899,0,0,0,0.158801,0.122885,0.434271,0,0,0,0,0,0,0.673204,0,0,0,0,0.118439,1.25587,0,0,0,0,0,0,0,0,0,0,0,0,0,0,0,0,0,0,0,0,0,0,0,0,0,0,0,0,0,0,0,0,0,0.260333,0.252323,0.050699,0.100317,0.254079,0,0.823192,0,0,0,0,0,0,0,0,0,0,0,0,0,0,0,0,0,0,0,0,0,0,0,0,0,90.7341,0,84.9749,6.56817,9.58038,0.721955,1953.09,5.83677,8.16747,0.632895,0,0,0,0,0.551614,0,12.4286,6.61394,0,1.3e-05,22.8267,23.337,1.04179,0,19.6206,219.947,2.6246,2.39976,0,23.7332,0,0,3.16869,4.65369,0.371328,2.41506,53.4924,138.141,46.8718,48.2857,760.169,11.5592,3.63259,101.651,101.586,63.2582,2.54031,33.0049,185.933,0,85.1698,0,0,0,0.893415,105.737,0,0.000561,0,195.573,0.950539,51.47,100.921,0,27.7649,0.485005,23.8736,1.48032,0.630467,5.88416,116.36,2.18919,597.006,14.0876,50.0431,0.161041,0,0,1.23084,96.6011,0.087085,0,0,6e-06,0.937739,57.9897,3.59211,0,0.269262,0.266623,0,24.9046,0.890661,0,36.4439,0,0,11.8114,30.412,1.39634,0,21.0351,0,0.899522,34.0169,2.13331,0,0,0,0,0.641284,0.151258,0,8.57238,0,0.545556,4.44422,2.54822,0.59158,105.45,2641.08,1421.73,8.65236,15.4275,1.08729,7.08403,0.541096,1.10421,4.98217,14.222,0,0,0,0,0,0,0,0,0,0,0,0,0,0,0,0,0,0,0,0,0,0,0,0,0,0,0,0,0,0,0,0,0,0,0,0,0,0,0,0,0,0,0.501875,0,0,0,0,0,0,0,0,0,0,0,0,0,0,0,0,0,0,0,0,0,0,0,0,0,0,0,0,0,0,0,0,0,0,0,0,0,0,0,0,0,0,0,0,0,0,0,0,0,0,0,0,0,0,0,0,0,0,0,0,0,0,0,0,0,0,0,0,0,0,0,0,0,0,0,0,0,0,0,0,0,0,0,0,0,0,0,0,0,0,0,0,0,0,0,0,0,0,0,0,0,0,0,0,0,0,0,0,0,0,0,0,0,0,0,0,0,0,0,0,0,0,0,0,0,0,0,0,0,0,0,0,0,0,0,0,0,0,0,0,0,0,0,0,0,0,0,0,0,0,0,0,0,0,0,0,0,0,0,0,0,0,0,0,0,0,0,0,0,0,0,0,0,0,0,0,0,0,0,0,0,0,0,0,0,0,0,0,0,0,0,0,0,0,0,0,0,0,0,0,0,0,1.16745,8.20594,0,0,0,0,0,0,0,0,0,0,0,0,0,0,0,0,0,0,0,0,0,0,0,0,0,0,0,0,0,0,0,0,0,0,0,0,0,0,0,0,0,0,0,0,0,0,0,0,0,0,0,0,0,0,0,0,0,0,0,0,0,0,0,0,0,0,0,0,0,0,0,0,0,0,0,0,0,0,0,0,0,0,0,0,0,0,0,0,0,0,0,0,0,0,0,0,0,0,0,0,0,0,0,0,0,0,0,0,0,0,0,0,0,0,0,0,0,0,0,0,0,0,0,0,0,0,0,0,0,0,0,0,0,0,0,0,0,0,0,0,0,0,0,0,0,0,0,0,0,0,6.1312,0,0,0,0,0,0,0,0,0,0,0,0,0,0,0,0,0,0,0,0,0,0,0,0,0,0,0,0,0,0,0,0,0,0,0,0,0,0,0,0,0,0,0,0,0,0,0,0,0,0,0,0,0,0,0,1.02334,0,0,0,0,0,0,1.16901,0,0,0,0,0,0,0,0,0,0,0,0,2.96072,3.8961,1.04459,0,0,0,0,0,0,0,0,0,0,0,0,0,0,0,0,0,0,0,0,0,0,0,0,0,0,0,0,0,0,0,0,0,0,0,0,0,0,0,0,0,0,0,0,0,0,0,0,0,0,0,0,0,0,0,0,0,39.3169,0,0,0,0,0,61.1572,0,13.6221,0,0,10.137,49.8298,0,68.7471,0,0,3.90651,19.8982,0,0,0,10.9021,0,0,0,0,0,0,0,0,0,0,0,45.1153,0,0,0,0,0,15.7317,35.2368,0,0,15.838,0,18.1964
"chick_phage_4577",446.42,0,0.141674,0.317232,0.120535,0.104683,0,0.116154,0.214913,28.7403,0.139316,0,0.177753,0.117382,0.228853,0,108.654,0.017013,0.069912,0.085273,0,0,0,0,0,0,0.049528,0.077241,0.075942,0,0,0,0,0.103732,0,0,0.081114,0,0,17.85,0.102566,0,0,0,108.36,95.9248,0,2.03265,0.24638,34.3524,0,0,0,0.123565,0.27244,0.835658,0,0,0.160587,0.348003,0,0,0.104301,0.273175,0.254561,7.93332,20.8754,0.156026,0,0,0,0,0.111845,6.3244,0,100.461,0.187103,0,0.168181,0,0.132473,0.073638,0.091155,0,0,0.14702,0,0.127141,0,0.063463,44.1555,0.096537,0,0,0,0.274295,0.084953,0.107999,0.055013,23.3227,0.186878,0,0,0.088326,0.228614,0,0.113611,0.201684,0.806563,0,0,78.0835,0,0.092883,24.7107,0,0,113.736,0,78.7538,0,323.87,0,0,0.551632,0,17.7383,0.158898,0.13595,0,0.128095,0.103274,0,0.124264,9.13111,0.122928,1249.02,0.134815,0.400915,0,0,0.263862,0.300431,0.124678,0.119756,0,0,0,0.156583,0,0,0.174721,0,30.1959,0,0,0,0,0.147148,0,0,0,0,0,0,0,1.38265,0,0,0,0.077775,35.6193,0,0,0,1.3e-05,0,0,0,0,0,0,0,0,0,0,0,0,0,0,0,0,0,0,0,0,0,0,0,0,0,0,0,0,0,1.10294,0,0,0.697363,1.09212,0.3031,1.18122,0,0,0,0,0,0,0,1.39233,0,0,0,5.10032,6.39794,0,0,0,0.383075,0,0,9.77197,0,0,0,0.473086,0.978658,0.345455,0,0,0,0,1.65226,0,0,0,0,0,0,0.510074,0,5.42556,0,0,0,18.2543,3.50834,0,0,0,0,0,0,0.29166,0.511851,0,0,0,0,0,0,0.141224,0,0,0,0,0,0,0,0,0,0.239656,0,0,0,0,32.5081,1.00706,1.42841,0,0,0,0,0,0,0,0,0.641473,0.338221,0,0,0,0,0,0,0,0,0,0,2.09353,0,0,0,0.118512,0,0,0,0,0.054384,0,0,11.4356,4.21874,0,0,0,0.353111,0.734686,0,0,0,0,1.4149,0,0,0,96.9303,31.9801,0,0,31.1194,0,95.125,59.1327,0,37.8888,78.0572,0,238.02,33.2784,141.962,0,0,55.9831,33.2784,52.5492,0,248.227,30.1963,31.9809,0,0,78.0572,61.5606,0,59.4819,37.8853,8.67091,0,0,0,0,0,0,0,0,0,0,0,0,0,0,0,0,0,0,0,0,0,0,0,0,0,0,0,0,0,0,0,0,0,0,0,0,0,0,0,0,0,0,0,0,0,0,0,0,0,0,0,0,0,0,0,0,0,0,0,0,0,0,0,0,0,0,0,0,0,0,0,0,0,0,0,0,0,0,0,0,0,0,0,0,0,0,0,0,0,0,0,0,0,0,0,0,0,0,0,0,0,0,0,0,0,0,0,0,0,0,0,0,0,0,0,0,0,0,0,0,0,0,0,0,0,0,0,0,0,0,0,0,0,0,0,0,0,0,0,0,0,0,0,0,0,0,0,0,0,0,0,0,0,0,0,0,0,0,0,0,0,0,0,0,0,0,0,0,0,0,0,0,0,0,0,0,0,0,0,0,0,0,0,0,0,0,0,0,0,0,0,0,0,0,0,0,0,0,0,0,0,0,0,0,0,0,0,0,0,0,0,0,0,0,0,0,0,0,0,0,0,0,0,0,0,0,0,0,0,0,0,0,0,0,0,0,0,0,0,0,0,0,0,0,0,0,0,0,0,0,0,0,0,0,0,0,0,0,0,0,0,0,0,0,0,0,0,0,0,0,0,0,0,0,0,0,0,0,0,0,0,0,0,0,0,0,0,0,0,0,0,0,0,0,0,0,0,0,0,0,0,0,0,0,0,0,0,0,0,0,0,0,0,0,0,0,0,0,0,0,0,0,0,0,0,0,0,0,0,0,0,0,0,0,0,0,0,0,0,0,0,0,0,0,0,0,0,0,0,0,0,0,0,0,0,0,0,0,0,0,0,0,0,0,0,0,0,0,0,0,0,0,0,0,0,0,0,0,0,0,0,0,0,0,0,0,0,0,0,0,0,0,0,0,0,0,0,0,0,1.48307,0,0,0,0,2.24588,0,0,0,0,1.30342,0,0,0,0,0,0,0,0,0,0,0,0,0,0,0,0,0,0,0,0,0,0,0,0,0,0,0,0,0,0,0,0,0,0,0,0,0,0,0,0,0,0,0,0,0,0,0,0,0,0,0,0,0,0,0,0,0,0,0,0,0,0,0,0,0,0,0,0,0,0,0,0,0,0,0,0,0,0,0,0,0,0,0,0,0,100.411,0,0,0,11.8658,0,0,0,0,0,0,0,0,0,0.632045,0,45.9575,9.53498,0,2.12997,0,24.9558,98.9692,0,1.02505,0,0,0,65.494,0,0,17.4269,0,0,1.36284,14.6203,0,0,23.4039,0,12.757,55.3336,0,0,0,0,0,9.86416,0,0
"chick_phage_5812",0,0,0,0,0,0,0,0,0,0,0,0,0,0,0,0,0,0,0,0.080718,0,0,0,0,0,0,0,0,0,0,0,0,0,0,0,0,0,0,0,0.000357,0,0,0,0,0,0,0,0,0,0,0,0,0,0,0,0,0,0,0,0,0,0,0,0,0,0,0.295336,0,0,0,0,0,0,0,0,0,0,0,0,0,0,0,0,0,0,0,0,0,0,0,0,0,0,0,0,0,0,0,0,0.061314,0,0,0,0,0,0,0,0.095456,0,0.379355,0,0.058424,0.280443,0,0,0,0,0.38015,0.105507,0,0,0,0.323419,0,0.159923,0,0,0,0.386062,0,0,0,0,0,0,0,0,0.127612,0.082834,0,0.0815,0,0,0,0,0,0,0,0,0,0,0,0,0,0,0,0,0,0,0,0,0,0.401388,0,0,0.235261,0,0,0.181689,0,0,0,0,0,0,0,0,0,0,0,0,0,0,0,0,0,0,0,0,0,0,0,0,0,0,0,0,0,0,0,0,0,0,78.1563,0,73.6991,16.4498,145.255,0,471.044,13.4589,40.1562,0.321668,1.39404,0,0,0.155541,0.614864,0,13.9055,17.4613,0,0.113192,23.9759,9067,2.82826,4.28768,10.3306,27.0626,0,1.70662,2.20209,45.1233,18.6249,0,2.36151,2.40843,1.72459,6.89254,70.4662,151.563,128.589,190.988,226.251,14.3309,26.6659,17.5182,63.0409,141.217,17.2006,19.2776,145.483,0,208.185,0,0.269976,0.301888,0.908152,96.4808,0,1.2145,3.07608,110.329,2.76062,185.181,138.569,2.54478,39.8168,1.97202,17.5645,0.376185,4.48756,13.6712,238.259,8.71316,996.342,15.7292,58.4799,0,0,0,0.267305,168.962,0.442608,0,0,0.30183,0,87.6565,17.8172,3.55733,1.45167,0.27102,10.237,22.8529,5.43218,0.073613,22.5721,0.38367,0.035266,40.1208,19.211,0,0,36.3705,0,0.914359,92.3443,18.0614,0,0,0,0.720324,4.15034,0.768771,0,44.8873,0,2.92225,1.0296,4.14156,0.601336,55.4132,6508.11,3537.67,32.7967,20.4975,4.57988,16.9589,1.10006,7.81722,15.2239,9.79764,0,0,0,0,0,0,0,0,0,0,0,0,0,0,0,0,0,0,0,0,0,0,0,0,0,0,0,0,0,0,0,0,0,0,0,0,0,0,0,0,0,0,0,0,0,0,0,0,0,0,0,0,0,0,0,0,0,0,0,0,0,1.1826,0,0,0,0,0,0,0,0,0,0,0,0,0,0,0,0,0,0,0,0,0,0,0,0,0,0,0,0,0,0,0,0,0,0,0,0,0,0,0,0,0,0,0,0,0,0,0,0,0,0,0,0,0,0,0,0,0,0,0,0,0,0,0,0,0,0,0,0,0,0,0,0,0,0,0,0,0,0,0,0,0,0,0,0,0,0,0,0,0,0,0,0,0,0,0,0,0,0,0,0,0,0,0,0,0,0,0,0,0,0,0,0,0,0,0,0,0,0,0,0,0,0,0,0,0,0,0,0,0,0,0,0,0,0,0,0,0,0,0,0,0,0,0,0,0,0,0,0,0,0,0,0,0,0,0,0,0,0,0,0,0,0,0,0,0,0,0,0,0,0,0,0,0,0,0,0,0,0,0,0,0,1.61259,0,0,31.2452,0,0,0,0,0,0,0,0,0,0,0,0,0,0,0,0,0,0,0,0,0,0,0,0,0,0,0,0,0,0,0,0,0,0,0,0,0,0,0,0,0,0,0,0,0,0,0,0,0,0,0,0,0,0,0,0,0,0,0,0,0,0,0,0,0,0,0,0,0,0,0,0,0,0,0,0,0,0,0,0,0,0,0,0,0,0,0,0,0,0,0,0,0,0,0,0,0,0,0,0,0,0,0,0,0,0,0,0,0,0,0,0,0,0,0,0,0,0,0,0,0,0,0,0,0,0,0,0,0,0,0,0,0,0,0,0,0,0,0,0,0,0,0,0,0,0,0,0,0,2.87654,13.1625,1.72252,0,0,0,0,0,0,0,0,0,0,0,0,0,0,0,0,0,0,0,0,0,0,0,0,0,0,0,0,0,0,0,0,0,0,0,0,0,0,0,0,0,0,0,0,0,0,0,0,0,0,0,0,0,0,0,0,0,0,0,0,0,0,0,0,0,0,0,0,0,0,0,0,0,0,0,10.5847,1.06181,0,0,0,0,0,0,0,0,0,0,0,0,0,0,0,0,0,0,0,0,0,0,0,0,0,0,0,0,0,0,0,0,0,0,0,0,0,0,0,0,0,0,0,0,0,0,0,0,0,0,0,0,0,0,0,0,0,0,0,0,0,0,0,0,0,0,0,0,0,0,0,0,0,0,0,0,0,0,0,0,0,0,0,0,0,0,0,0,0,0,0,0,0,0,0,0,0,0,0,0,0,0,0,0
"chick_phage_5716",0,0,0,0,0,0,0,0,0,0,0,0,0,0,0,0,0,0,0,0,0,0,0,0,0,0,0,0,0,0,0,0,0,0,0,0,0,0,0,0,0,0,0,0,0,0,0,0,0,0,0,0,0,0,0,0,0,0,0,0,0,0,0,0,0,0,0,0,0,0,0,0,0,0,0,0,0,0,0,0,0,0,0,0,0,0,0,0,0,0,0,0,0,0,0,0,0,0,0,0,0,0,0,0,0,0,0,0,0,0,0,0,0,0,0,0,0,0,0,0,0,0,0,0,0,0,0,0,0,0,0,0,0,0,0,0,0,0,0,0,0,0,0,0,0,0,0,0,0,0,0,0,0,0,0,0,0,0,0,0,0,0,0,0,0,0,0,0,0,0,0,0,0,0,0,0,0,0,0,0,0,0,0,0,0,0,0,0,0,0,0,0,0,0,0,0,0,0,0,0,0,0,0,1.77665,0.20506,1.9381,4.41491,5.11595,1487.09,4783.58,325.845,1.26771,0,1.53613,0,0,0.214573,1.96179,1.39223,471.462,0,0.208394,0,57.2635,0.694219,1164.9,508.406,236.183,16485.8,2.69772,2.66481,633.061,4.99784,1.7752,0,27.0499,24.9347,6.83556,1.73928,246.265,1.52652,140.359,374.167,10.1944,0,0,1.16411,15.5771,35.528,0.281664,19.7886,0,0.437526,67.6199,0,0.303619,0,7.14975,0.357562,0,0,0,22.0045,32.9616,1.08972,626.087,0.537322,553.427,0,8.22352,0,0,0,37.704,4.38278,335.592,0,13.7458,0.18411,0,0,0.266763,542.986,0.099557,0.175552,0.373408,4.78279,3.21606,130.821,317.106,307.668,1.06133,0.304798,19.1911,12.6169,0.509174,0,0,0,0,1.61603,0,0,0,0.43082,0,0,0,0,0,0,0,67.3159,7.28712,1.89257,11.6655,0,0,0.060642,17.9202,0.796686,0,0,10.4069,1.81479,0.727792,114.492,18.7415,43.2611,0,3.5295,1.26763,0.774028,0,0,0,0,0,0,0,0,0,0,0,0,0,0,0,0,0,0,0,0,0,0,0,0,0,0,0,0,0,0,0,0,0,0,0,0,0,0,0,0,0,0,0,0,0,0,0,0,0,0,0,0,0,0,0,0,0,0,0,0,0,0,0,0,0,0,0,0,0,0,0,0,0,0,0,0,0,0,0,0,0,0,0,0,0,0,0,0,0,0,0,0,0,0,0,0,0,0,0,0,0,0,0,0,0,0,0,0,0,0,0,0,0,0,0,0,0,0,0,0,0,0,0,0,0,0,0,0,0,0,0,0,0,0,0,0,0,0,0,0,0,0,0,0,0,0,0,0,0,0,0,0,0,0,0,0,0,0,0,0,0,0,0,0,0,0,0,0,0,0,0,0,0,0,0,0,0,0,0,0,0,0,0,0,0,0,0,0,0,0,0,0,0,0,0,0,0,0,0,0,0,0,0,0,0,0,0,0,0,0,0,0,0,0,0,0,0,0,0,0,0,0,0,0,0,0,0,0,0,0,0,0,0,0,0,0,0,0,0,0,0,0,0,0,0,0,0,0,0,0,0,0,0,0,0,0,0,0,0,0,0,0,0,0,0,0,0,0,0,0,0,0,0,0,0,0,0,0,0,0,0,0,0,0,0,0,0,0,0,0,0,0,0,0,0,0,0,0,0,0,0,0,0,0,0,0,0,0,0,0,0,0,0,0,0,0,0,0,0,0,0,0,0,0,0,0,0,0,0,0,0,0,0,0,0,0,0,0,0,0,0,0,0,0,0,0,0,0,0,0,0,0,0,0,0,0,0,0,0,0,0,0,0,0,0,0,0,0,0,0,0,0,0,0,0,0,0,0,0,0,0,0,0,0,0,0,0,0,0,0,0,0,0,0,0,0,0,0,0,0,0,0,0,0,0,0,0,0,0,0,0,0,0,0,0,0,0,0,0,0,0,0,0,0,0,0,0,0,0,0,0,0,0,0,0,0,0,0,0,0,0,0,0,0,0,0,0,0,0,0,0,0,0,0,0,0,0,0,0,0,0,0,0,0,0,0,0,0,0,0,0,0,0,2.25619,0,0,0,0,0,0,0,0,0,0,0,0,0,0,0,0,0,0,0,0,0,0,0,0,0,0,0,0,0,0,0,0,0,0,0,0,0,0,0,0,0,0,0,0,0,0,0,0,0,0,0,0,0,0,0,0,0,0,0,0,0,0,0,0,0,0,0,0,0,0,0,0,0,0,0,0,0,0,0,0,0,0,0,0,0,0,0,0,0,0,0,0,0,0,0,0,0,0,0,0,0,0,0,0,0,0
"chick_phage_4452",1082.46,0.145016,0.136124,0.159354,0.115813,0,0,0.111603,0,71.3653,0.611837,0,0,0.114297,0.399055,0,254.876,0.016566,0.081809,0,0,0.201178,0,0,0,0,0,0,0,0,0,0,0,0,0,0,0,0,0.036656,47.634,0.253006,0,0.09396,0.160514,238.802,270.835,0,3.40321,0.159075,48.0234,0,0.253713,0.053194,0.201347,0,1.13067,0,0,0.375692,0.337842,0,0,0.107978,0.976976,0,14.0324,39.1361,0,0,0,0,0.082787,0,2.79408,0,193.732,0,0,0,0,0.206814,0,0.375001,0.106846,0,0.143154,0.207292,0.122161,0.05777,0,78.3211,0.229652,0.06121,0.074546,0.337522,0.517145,0,0,0.107133,42.2141,0.45296,0.205058,0,0,0,0.081891,0,0,0,0.195986,0.142954,144.331,0.216855,0,56.7421,0.079362,0.135132,216.032,0.282648,229.764,0.319622,583.103,0.110384,0.323434,1.64237,0.069757,27.1732,0.285247,0,0.240169,1439.16,0.787226,0.491549,0,12.5414,0,21.6292,0.197357,0,0.323338,0.419185,0,0.142456,0.120734,0.058304,0,0.121469,0,0,0.180085,0,0.425319,0.378258,45.4727,0,0,0,0,0,0,0.053468,0.423006,0.337951,0,0.081111,0,1.9731,0,0,0,0,70.0456,0.154098,0.062745,0,0.161953,0.202356,0,0.054871,0,0,0,0,0,0,0,0,0,0,0,0,0,0,0,0,0,0,0,0,0,0,0,0,0,0,0.536561,0,0,0,1.27432,0,0,0,0,0,0,0,0,0,0,0,0,0.232906,0,0,0,0,0,0.37096,1.37078,0,0,3.16007,0.649477,0,0,0,0,0,0,0,0.633869,0,0,0,0,0,0,0,0,0,3.50087,0,0,0,0,0,0,0,0,0,0,0,0,0,0,0,0,0,0,0,0.136832,0,0,0,0,0,0,0,0,0.831118,0,0,0,0,0,64.9199,0,0,0,0,0,0,0,0,0,0,0.624592,0,0,0,0,0,0,0,0,0.935139,0,1.7796,0,2.32588,0,0,0,0,0,0,0,0,0,0,0,0,0.452309,0,0,0,0.596813,0,0,0,0,0,0,0,0,0,0,0,0,0,0,0,0,0,0,0,0,0,0,0,0,0,0,0,0,0,0,0,0,0,0,0,0,0,0,0,0,0,0,0,0,0,0,0,0,0,0,0,0,0,0,0,0,0,0,0,0,0,0,0,0,0,0,0,0,0,0,0,0,0,0,0,0,0,0,0,0,0,0,0,0,0,0,0,0,0,0,0,0,0,0,0,0,0,0,0,0,0,0,0,0,0,0,0,0,0,0,0,0,0,0,0,0,0,0,0,0,0,0,0,0,0,0,0,0,0,0,0,0,0,0,0,0,0,0,0,0,0,0,0,0,0,0,0,0,0,0,0,0,0,0,0,0,0,0,0,0,0,0,0,0,0,0,0,0,0,0,0,0,0,0,0,0,0,0,0,0,0,0,0,0,0,0,0,0,0,0,0,0,0,0,0,0,0,0,0,0,0,0,0,0,0,0,0,0,0,0,0,0,0,0,0,0,0,0,0,0,0,0,0,0,0,0,0,0,0,0,0,0,0,0,0,0,0,0,0,0,0,0,0,0,0,0,0,0,0,0,0,0,0,0,0,0,0,0,0,0,0,0,0,0,0,0,0,0,0,0,0,0,0,0,0,0,0,0,0,0,0,0,0,0,0,0,0,0,0,0,0,0,0,0,0,0,0,0,0,0,0,0,0,0,0,0,0,0,0,0,0,0,0,0,0,0,0,0,0,0,0,0,0,0,0,0,0,0,0,0,0,0,0,0,0,0,0,0,0,0,0,0,0,0,0,0,0,0,0,0,0,0,0,0,0,0,0,0,0,0,0,0,0,0,0,0,0,0,0,0,0,0,0,0,0,0,0,0,0,0,0,0,0,0,0,0,0,0,0,0,0,0,0,0,0,0,0,0,0,0,0,0,0,0,0,0,0,0,0,0,0,0,0,0,0,0,0,0,0,0,0,0,0,0,0,0,0,0,0,0,0,0,0,0,0,0,0,0,0,0,0,0,0,0,0,0,0,0,0,0,0,0,0,0,0,0,0,0,0,0,0,0,0,0,0,0,0,0,0,0,0,0,0,0,0,0,0,0,0,0,0,0,0,0,0,0,0,0,0,0,0,0,0,0,0,0,0,0,0,0,0,0,0,0,0,0,0,0,0,0,0,0,0,0,0,0,0,0,0,0,0,0,0,0,0,0,0,0,0,0,0,0,0,0,0,0,0,0,0,0,0,0,0,0,0,0,0,0,0,0,0,0,0,0,0,0,0,0,0,0,0,0,0,0,0,0,0,0,0,0,0,0,0,0,0,0,0,0,0,0,0,0,0,0,0
"chick_phage_5952",0,0,0,0,0,0,0,0,0,0,0.132909,0.068581,0.08479,0,0,0,0,0,0,0,0,0,0,0.098328,0,0,0,0,0,0,0,0,0,0,0,0,0,0,0,0.061861,0,0,0,0,0,0,0,0,0,0,0,0,0,0,0,0,0,0,0,0.297941,0,0,0,0,0,0,0.110797,0,0,0,0,0,0,0,0,0,0,0,0,0,0,0,0.072739,0,0,126.823,0,0,0,0,0,0,0,0,0,0,0,0,0,0,0,0,0,0.071864,0,0,0,0.096206,0.127789,0.573903,0.204376,0.058884,0.070662,0,0.229242,0,0,0.130133,0,0,0,0,0.048865,0.741199,0.356874,0,0,0.090294,0.129699,0,0,0,0,0,0,0,0,0.385928,0,0,0.082141,0,0.071032,0,0,0,0,0,0,0,0,0.083343,0.105525,0,0,0,0,0,0,0,0,0.330989,0,0,0,0,0,0,0,0,0.148398,0,0,0,0,0,0,0,0,0,0,0,0,0,0,0,0,0,0,0,0,0,0,0,0,0,0,0,0,0,0,0,0,97.6293,0.551285,13.5444,10.5532,1.93641,0,2912.81,5.5605,4.18804,0,0,0,0,0.31353,0.377813,0,5.8892,2.54348,0,0,7.70572,2.32658,0.357948,0,0,107.308,23.5276,2.40426,2.21944,14.6294,0,0,7.3763,0.821364,0,1.59222,20.8738,37.9876,62.3721,87.5664,212.105,5.93593,10.4339,60.2801,42.5551,40.7528,0.675974,19.1488,55.5149,0,45.5925,0,0,0.304263,1.8306,130.586,0,0,0,99.6543,1.05405,38.3173,60.2645,1.87308,10.521,0,2.10245,0,0.421941,6.29132,211.85,2.76889,423.955,4.42026,15.8677,0,0.196081,0.814284,0.881947,122.989,0,0,0,0,0,15.7811,2.89069,0,0,0,24.0746,36.2431,1.36874,0,14.1661,1.54919,0,4.12491,6.55278,2.38425,0,6.27591,0,0,0,0,0,0,0,0.886156,0.791991,0,0,10.6916,0,0.265541,6.63707,0.659199,0.606069,142.879,1205.17,528.824,18.0805,12.1096,0.799896,12.7043,1.10873,0,5.3472,30.4715,0,0,0,0,0,0,0,0,0,0,0,338.082,0,0,0,0,0,0,0,0,0,0,0,0,0,0,0,0,0,0,0,65.21,0,0,0,0,0,0,0,0,0,0,0,0,0,0,0,0,0,0,0,0,0,0,0,0,0,0,0,0,0,0,0,0,0,0,0,0,0,0,0,0,0,0,0,0,0,0,0,0,0,0,0,0,0,0,0,0,0,0,0,0,0,0,0,0,0.584068,0,0,0,0,0,0,0,0,0,0,0,0,0,0,0,0,0,0,0,0,0,0,0,0,0,0,0,0,0,0,0,0,0,0,0,0,0,0,0,0,0,0,0,0,0,0,0,0,0,0,0,0,0,0,0,0,0,0,0,0,0,0,0,0,0,0,0,0,0,0,0,0,0,0,0,0,0,0,0,0,0,0,0,0,0,0,0,0,0,0,0,0,0,0,0,0,0,0,0,1.43181,0,0,0,0,0,0,0,0,0,0,0,0,0,0,0,0,0,0,0,0,0,0,0,0,0,0,0,0,0,0,0,0,0,0,0,0,0,0,0,0,0,0,0,0,0,0,0,0,0,0,0,0,0,0,0,0,0,0,0,0,0,0,0,0,0,0,0,0,0,0,0,0,0,0,0,0,0,0,0,0,0,0,0,0,0,0,0,0,0,0,0,0,0,0,0,0,0,0,0,0,0,0,0,0,0,0,0,0,0,0,0,0,0,0,0,0,0,0,0,0,0,0,0,0,0,0,0,0,0,0,0,0,0,0,0,0,0,0,0,0,0,0,0,0,0,0,0,0,0,0,0,0,0,0,0,0,0,0,0,0,0,0,0,0,0,0,0,0,0,0,0,0,0,0,0,0,0,0,0,0,0,0,0,0,0,0,0,0,0,0,0,0,0,0,0,0,0,0,0,0,0,0,0,0,0,0,0,0,0,0,0,0,0,0,0,0,0,0,0,0,0,0,0,0,0,0,0,0,0,0,0,0,0,0,0,0,0,0,0,0,0,0,0,0,0,0,0,0,0,0,0,0,0,0,0,0,0,0,0,0,0,0,0,0,0,0,0,0,0,0,0,0,0,0,0,0,1.01106,12.0104,0,0,0,0,0,0,0,0,0,0,0,0,0,0,0,0,0,0,0.703719,0,0,0,0,0,0,0,0,0,0,0,0,0,0,0,0,0,0,0,0,0,0,0,0,0,0,0,0,0,0,0,0,0,0,0,0,9.60834,0,0,0,0,0,0,0,0,0,0,0,0,0,0,0,6.1398,10.1125,12.4107,0,0,96.5209,14.7534,0,61.6959,0,6.78237,0,4.06782,0,0,157.295,0,0,14.4748,70.3256,7.56666,0,10.357,0,193.082,42.4867,0,0,0,0,0,20.9537,0.995762,0
"chick_phage_3424",1864.91,0.143531,0,0.432331,0.231052,0.0505,0,0.148435,0.103677,145.763,0.603481,0.277434,0,0.113254,0.310058,0.449916,605.727,0.082075,0.323656,0,0.187318,0,0.071308,0.099442,0,0,0.095573,0,0.073272,0.183677,0,0.210698,0.121739,0,0,0,0.078262,0,0.000139,92.8597,0.167653,0,0.092942,0,400.568,539.724,0.094591,9.74783,0.000851,106.911,0,0,2.6e-05,0.396582,0,2.43938,0.027557,0,0.557373,0.836053,0.541992,0.561905,1.99578,2.12644,0.982443,48.7861,184.886,2.24782,0.643625,0.5368,0.936231,0.655743,0.863291,2285.11,0.719242,438.038,0.722094,0.16439,0.4868,0,0.126874,0.142095,0.226597,3.6e-05,0.076243,0,0,0,0.057243,0.061231,222.251,0.794081,6.7e-05,0,0.332913,1.23705,0.404882,0,0,106.014,0.268521,0,0.587656,0.423527,0.551432,0.081143,0.21923,0.097296,0.772645,0.192426,0.127729,271.64,0.213895,0.087548,170.67,0,0.275947,399.683,0.418949,442.41,0.941406,948.464,0.197673,0.316107,2.70548,0,44.4036,0.275057,0.327921,0.475955,1.67253,1.11314,0.32471,0,20.1666,0,6.77231,0.194661,0.288635,0.302613,0.166144,0.253167,0.21551,0.1914,0.173315,0,0,0,0.301247,0,0.043914,0.084288,0.372238,144.718,0,0.07877,0.363192,0,0,0,0.105961,1.25455,0.278824,0.107094,0.080371,0.359694,9.17693,0.469275,0,0.049746,1.41751,173.347,0.762292,0.620685,0.623614,0.576572,0.598176,0.387675,1.2e-05,0,0,0,0,0,0,0,0,0,0,0,0,0,0,0,0,0,0,0,0,0,0,0,0,0,0,0.000394,0,1.2403,0,0,0,0,0,0,0,0,0,0,0,0,0,0,0.115389,0,0,0,0,0,0.002008,0.001415,0,0,0,0.643543,0,0.684629,0,0,0.342707,0,0,0.000123,0,0,0,0.550974,0,0,0,0.246058,0.377048,6.63949,0,0,0,4.67814,1.23085,0,0.324056,0,0,0,0,0,0,0,0,1.14144,0,1.23929,0,0.368253,0,0,0,2.29849,0,0,0,0.198305,0.823523,0,0,0,0,0,144.911,0,0,0.272068,0,0,0,0,0,0,0,0.618887,0.326307,0,0,0,0,0,0,0.408779,0.005414,0,2.64501,4.03961,4.60927,0.571704,0,0,0,0,0,0,0.209876,0,0,0.612943,0,0.448177,0.676281,0,0.340686,0.590007,0,0,0,0,2.04763,0,0,0,0,0,0,0,0,0,0,0,0,0,0,0,0,0,0,0,0,0,0,0,0,0,0,0,0,0,0,0,0,0,0,0,0,0,0,0,0,0,0,0,0,0,0,0,0,0,0,0,0,0,0,0,0,0,0,0,0,0,0,0,0,0,0,0,0,0,0,0,0,0,0,0,0,0,0,0,0,0,0,0,0,0,0,0,0,0,0,0,0,0,0,0,0,0,0,0,0,0,0,0,0,0,0,0,0,0,0,0,0,0,0,0,0,0,0,0,0,0,0,0,0,0,0,0,0,0,0,0,0,0,0,0,0,0,0,0,0,0,0,0,0,0,0,0,0,0,0,0,0,0,0,0,0,0,0,0,0,0,0,0,0,0,0,0,0,0,0,0,0,0,0,0,0,0,0,0,0,0,0,0,0,0,0,0,0,0,0,0,0,0,0,0,0,0,0,0,0,0,0,0,0,0,0,0,0,0,0,0,0,0,0,0,0,0,0,0,0,0,0,0,0,0,0,0,0,0,0,0,0,0,0,0,0,0,0,0,0,0,0,0,0,0,0,0,0,0,0,0,0,0,0,0,0,0,0,0,0,0,0,0,0,0,0,0,0,0,0,0,0,0,0,0,0,0,0,0,0,0,0,0,0,0,0,0,0,0,0,0,0,0,0,0,0,0,0,0,0,0,0,0,0,0,0,0,0,0,0,0,0,0,0,0,0,0,0,0,0,0,0,0,0,0,0,0,0,0,0,0,0,0,0,0,0,0,0,0,0,0,0,0,0,0,0,0,0,0,0,0,0,0,0,0,0,0,0,2.62443,0,0,0,0,0,0,0,0,0,0,0,0,0,0,0,0,0,0,0,0,0,0,0,0,0,0,0,0,0,0,0,0,0,0,0,0,0,0,0,0,0,0,0,0,0,0,0,0,0,0,0,0,0,0,0,0,0,0,0,0,0,0,0,0,0,0,0,0,0,0,0,0,0,0,0,0,0,0,0,0,0,0,0,0,0,0,0,0,0,0,0,0,0,0,0,0,0,0,0,0,0,0,0,0,0,0,0,0,0,0,0,0,0,0,0,0,0,0,0,0,0,0,0,0,0,0,0,0,0,0,0,0,0,0,0,0,0,0,0,0,0,0,0,0,0,0,0,0,0,0,0,0,0,0,0,0,0,0,0,0,0,0,0,0,0,0,0,0,0,0,0,0,0,0,0,0,0,0,0,0,0,0,0,0,0,0,0,0,0,0,0,0,0,0,0,0,0,0,0,0,0,0,0,6.77239,0,8.49793,0,0,0,0,0,0,0,0,0,0,0,0,0,4.84773,0
"chick_phage_3394",0.099258,64.8302,0,0,0,0,69.4329,0.070353,55.8757,0.065913,3.93742,0,0,31.9113,0.125437,0,0.135493,0.046682,0.063942,0,0,0.190735,0.189451,0.311582,0,0.198135,0.178983,0.070646,0,29.5794,0,0,0.346206,0,0,0,0.090899,0.190524,1.37872,0,0.098076,0,0.088104,0.339963,0,2.02308,0.089666,8.97786,0,0,3.14125,1.02405,0.701444,20.3997,5.60836,0.162865,0,29.0624,0,0.428448,0,6.18733,0.16632,0.786523,0.116415,0,0.093926,0,0,3.02291,890.678,0.071691,0,0.216512,0.097401,1.44755,0.171127,0.86262,22.4694,0.126895,14.9482,0,0,0,0,0,0.503601,15.0667,0,0.058044,1.25357,5.00204,0,0.466668,0,26.1734,0.508386,0,3.60667,1.97537,7.00791,51.6473,75.132,75.7489,39.1217,0.941326,0,0.092232,1.33327,3.41797,10.2722,0.565214,0.678978,5.67262,9.22689,0,1.30611,1.1918,0.050972,19.6147,0.662627,8.14373,2.55086,0.28255,0,0.077576,0.044782,0.523167,0,12.4882,14.4757,2.13435,5.8819,46.3165,0.089176,0.224859,1.77991,2.08167,0.512931,0,0.078747,0,0.068097,0,0.054764,62.1424,0,0,0.065972,4.73456,0,0.083818,0.303492,0.280826,76.6021,157.927,0,0,0,24.7329,1.25716,0,1.6711,0,0,0,5.5645,0.533978,0.668122,0,0.721079,0.119638,0.123908,0,16.1711,23.5554,0.353259,7.48443,0,0,0,0,0,0,0,0,0,0,0,0,0,0,0,0,0,0,0,0,0,0,0,0,0,0.75715,0,0,1.408,0,1.73415,0,0,0,0,0,0,0,0,0.176369,0,0,0,0,0,0,0,1.39622,3.71051,0,0,0,0,0,0,0,0,0,0,0,0,0.202275,0,0,0,0,0,0,0,0,0,0.233236,4.16516,1.45436,0,0,0,0,0,0,1.08314,63.7009,0,0,0,0,0,0,0,0,0,0,0.953302,0,0,0,0,0,0,0,0,0,0,0,0,0,0,0,20.0868,0,0,0,0,0,0,0,0,0,0,0,0,0,0,0,0,0,0,0,0,0,0,0,0,1.08383,0,0,0,0,0,0,0,0,0,0,0,0,0,0,0,0,0,0,0,0,0,0,0,0,0,61.5097,0,0,0,0,0,0,0,0,0,0,0,0,0,0,0,0,0,0,0,0,0,61.5095,0,0,0,0,0,0,0,0,0,0,0,0,0,0,0,0,0,0,0,0,0,0,0,0,0,0,0,0,0,0,0,0,0,0,0,0,0,0,0,0,0,0,0,0.336759,0,0,0,0,0,0,0,0,0,0,0,0,0,0,0,0,0,0,0,0,0,0,0,0,0,0,0,0,0,0,0,0,0,0,0,0,0,0,0,0,0,0,0,0,0,0,0,0,0,0,0,0,0,0,0,0,0,0,0,0,0,0,0,0,0,0,0,0,0,0,0,0,0,0,0,0,0,0,0,0,0,0,0,0,0,0,0,0,0,0,0,1.36345,0,0,0,0,0,0,0,0,0,0,0,0,0,0,0,0,0,0,0,0,0,0,0,0,0,0,2.3823,0,0,0,0,1.41011,0.836804,0,0,0,0,0,0,0,0,0,0,0,0,0,0,0,0,0,0,0,0,0,0,0,0,0,0,0,0,0,0,0,0,0,0,0,0,0,0,0,0,0,0,0,0,0,0,0,0,0,0,0,0,0,0,0,0,0,0,0,0,0,0,0,0,0,0,0,0,1.10238,0,0,0,0,0,0,0,0,0,0,0,0,0,0,0,0,0,0,0,0,0,0,0,0,0,0,0,0,0,0,0,0,0,0,0,0,0,0,0,0,0,0,0,0,0,0,0,0,0,0,0,0,0,0,0,0,0,0,0,0,0,0,0,0,0,0,0,0,0,0,0,0,0,0,0,0,0,0,0,0,0,0,0,0,0,0,0,0,0,0,0,0,0,0,0,0,0,0,0,0,0,0,0,0,0,0,0,0,0,0,0,0,0,0,0,0,0,0,0,0,0,0,0,0,0,0,0,0,0,0,0,2.77935,0,0,0,0,0,0,0,0,0,0,0,0,0,0,0,0,0,0,0,0,0,0,0,0,0,0,0,0,0,0,0,0,0,0,0,0,0,0,0,0,0,0,0,0,0,0,0,0,0,0,0,0,0,0,0,0,0,0,0,0,0,0,0,0,0,0,0,0,0,0,0,0,0,0,0,0,0,0,0,0,0,0,0,0,0,0,0,0,0,0,0,0,0,0,0,0,0,0,0,0,0,0,0,0,0,0,0,0,0,0,0,0,0,0,0,0,0,0,0,0,0,0,0,0,0,0,0,0,0,0,0,0,0,0,0,0,0,0,0,0,0,0,0,0,0,0,0,0,0,0,7.31018,13.4578,0,0,0,3.99954,0,0,0,0,0,0,0,0,0,0,0,0,0,0,0,0,0,0,0,0,0,0,0,0,11.3608,0,0
"chick_phage_3033",9.93351,0.127044,0,0,0,0,0,0,0.102964,0,0,0,0,0,0.131416,0.412835,0.06525,0,0,0.136344,0.124021,0.197715,0.418381,0.141254,0.80355,0.149289,48.7601,0.108193,0.080195,0.41901,0.316493,7.86742,0,0,0,0.10226,1.87938,0.147024,0.146327,27.5059,0,0.076237,0.535033,23.7406,0.881688,0.852264,0.04697,220.404,0.24462,0.654518,54.133,0.589536,1.88444,2.64124,79.9628,1.36397,0.125238,0,0,0.339346,0.080899,0.167789,0,1.67106,0,0,1.64466,0.888531,0,0.106622,0,0.094561,263.592,0,0.102043,0,0,0,24.7939,0,0,0,0,0,0,0.070437,0,3.39984,0,0.092353,0,0.170326,0,0,0,0.17222,0.236082,0,0,3.54308,38.0927,0,29.0046,0,36.7526,53.253,0,1.26221,31.6806,4.98383,4.88678,20.3798,18.544,1.86437,44.7976,0.175311,0.057104,84.6587,0.192792,2.67006,5.2141,0.073042,19.1831,0,0.571109,0,0.130378,2.01475,0.351368,0,0,0,0,0,0.092849,14.9153,0,0,0.452186,0,1.1713,0,0.071343,13.1592,211.997,0,0,0,0,2.10102,0.099542,0.251125,0,2.01056,55.0613,331.469,0.93523,0,31.093,0.24614,2.98185,0,4.54581,0.117538,0,0,27.6998,0.67498,0.858213,0.523678,2.53371,3.05161,0.195565,0.831433,0,8.62473,0.185464,0.480676,0,0,0,0,0,0,0,0,0,0,0,0,0,0,0,0,0,0,0,0,0,0,0,0,0,0,0,0,0,0,0,4.26796,0,0,0,3.86488,0,0,0,1.16243,0,0,0,0,0,0,0,0,0.482267,0.615158,0,0,0,0,0,0,0,0.226639,0,0,0,0,0,0.623768,1.1906,0,0,0,0,0,0,0,0,3.80937,0,10.393,0,0,0,0,0,0,0,0,0,0,1.96176,0,0,0,0,0,95.5931,0,0,0,0,6.07726,0,0,0,0,0,0,0,0,0,0,0,0,0,0.63046,0,0,0,0,0,0,0,0,0,0,0.484038,0,0,0,1.53169,0,0,0,0,0,0,0,0,0,0,0,0,0,0,0,1.69311,0,0,0.443321,0,0,1.06314,0,3.40573,0,0,0,1.63994,0,0,0,0,0,0,0,0,0,0,0,0,0,0,0,0,0,0,0,0,0,0,0,0,0,0,0,0,0,0,0,0,0,0,0,0,0,0,0,0,0,0,0,0,0,0,0,0,0,0,0,0,0,0,0,0,0,0,0,0,0,0,0,0,0,0,0,0.166251,0.686823,0,0,1.09048,0,0,0,0,0,0,0,0,0,0,0,0,0,0,0,0,0,0,0,0,0,0,0,0,0,0,0,0,0,0,0,0,0,0,0,0,0,0,0,0,0,0,0,0,0,0,0,0,0,0,0,0,0,0,0,0,0,0,0,0,0,0,0,0,0,0,0,0,0,0,0,0,0,0,0,0,0,0,0,0,0,0,0,0,0,0,0,0,0,0,0,0,0,0,0,0,0,0,0,0,0,0,0,0,0,0,0,0,0,0,0,0,0,0,0,0,0,1.00681,0,0,0,0,0,3.5397,3.56806,0,0,0,0,0,0,0,0,0,0,0,0,0,0,0,0,0,0,0,0,0,0,0,0,0,0,0,0,0,0,0,0,0,0,0,0,0,0,0,0,0,0,0,0,0,0,0,0,0,0,0,0,0,0,0,0,0,0,0,0,0,0,0,0,0,0,0,0,0,0,0,0,0,0,0,0,0,0,0,0,0,0,0,0,0,0,0,0,0,0,0,0,0,0,0,0,0,0,0,0,0,0,0,0,0,0,0,0,0,0,0,0,0,0,0,0,0,0,0,0,0,0,0,0,0,0,0,0,0,0,0,0,0,0,0,0,0,0,0,0,0,0,0,0,0,0,0,0,0,0,0,0,0,0,0,0,0,0,0,0,0,0,0,0,0,0,0,0,0,0,0,0,0,0,0,0,0,0,0,0,0,0,0,0,0,0,0,0,0,0,0,0,0,0,0,0,0,0,0,0,0,0,0,0,0,0,0,0,0,0,0,0,0,0,0,0,0,0,0,0,0,0,0,0,0,0,0,0,0,0,0,0,0,0,0,0,0,0,0,0,0,0,0,0,0,0,0,0,0,0,0,0,0,0,0,0,0,0,0,0,0,0,0,0,0,0,0.760317,0,0,0,0,0,0,0,0,0,0,0,0,0,0,0,0,0,0,0,0,0,0,0,0,0,0,0,0,0,0,0,0,0,0,0,0,0,0,0,0,0,0,0,0,0,0,0,0,0,0,0,0,0,0,0,0,0,0,0,0,0,0,0,0,0,0,0,0,0,0,0,0,0,0,0,0,0,0,0,0,0,0,0,0,0,0,0,0,0,0,0,0,0,0,0,0,0,0,0,0,0,0,0,0,0,0,0,0,0,0,0,0,0,0,0,0
"chick_phage_2824",4.91709,0.161322,0.057078,0.231906,0.097121,0,0,0,0,0,3.2658,0.052519,0.054069,0,0.268688,0.780167,0,0.611463,0.085066,1.65769,26.4679,0,1.10109,2.07503,1.65189,1.66003,2.60606,0.870776,1.39525,1.33705,0.619581,94.2324,1.30585,733.933,24.8032,0.705093,1.02361,1.0665,0.356184,25.5673,0,0.12821,7.16727,22.5873,42.2974,0.079079,0,0.57554,0.323191,1.58476,6.582,71.2565,18.1164,205.698,10.8178,9.21157,0.017374,2.69216,0,0.190005,0.21361,0,24.011,71.8044,0,0,16.6509,0.869163,2.11564,0.662297,0.196786,4.74359,1.28757,65.5707,0,0.16824,0,0.051832,0.876516,0,0.189565,0,0.318655,24.2757,0.09742,14.7436,0,0.077004,0,0,0.911675,0,0,0,2.01964,3.40367,0.135147,0,0.088694,38.1841,4.79186,51.2299,0,0.091655,17.3887,0.358149,5.63478,9.62058,2.50899,10.5678,31.712,106.109,45.7859,28.704,0.097459,4.64356,15.2251,23.4113,72.3154,0.597228,0,0,0.313218,115.084,0,4.05901,0.036861,0.031052,63.1632,0.168436,0.293631,2.83638,0.409499,0.055855,4.64038,0.279984,429.209,31.1381,0.269284,52.3319,1.26013,0,104.539,0,0.891542,0.071545,0,0,0,48.3363,0.90949,0.053146,0.067288,69.4223,251.96,2149.1,18.8773,0.689567,1.09108,1.60819,0,2.32166,0.032247,0,0.050682,0,5.10688,0.241401,19.077,4.233,3.21515,1.36734,0,0.033121,0.373653,9.50534,0.234978,10.5411,0,0,0,0,0,0,0,0,0,0,0,0,0,0,0,0,0,0,0,0,0,0,0,0,0,1039.89,0.355601,731.399,276.362,224.352,504.564,116.444,201.472,156.91,196.818,1.67033,4.36672,0.226368,3.99805,2.17412,0.578627,11.9228,374.281,2.0901,1.82573,222.757,172.042,260.172,101.482,248.29,402.161,24.0276,25.4369,86.2852,277.322,1.31847,0.461067,12.3921,31.4719,4.3475,147.057,73.1723,179.885,624.818,520.842,159.828,413.117,374.098,21.5578,184.2,61.7721,118.726,299.246,20.5851,0.126834,173.59,91.6814,1237.54,881.677,2.91699,61.5029,38.229,3.95113,2.40961,83.4345,16.5922,306.306,109.833,216.24,361.938,1438.2,314.279,227.559,2.31496,56.0154,877.856,715.345,272.078,305.794,561.732,0.105157,0.374924,0,10.0152,308.35,5.7109,0.308045,17.1102,110.943,86.7849,71.7952,182.215,173.431,0.312735,0.127189,22.7558,401.657,68.8371,0,396.388,1.74204,0.06334,443.191,63.5419,2114.64,10.1058,167.567,0.77295,0,6.79532,8.47013,0,0,0.360349,0.847746,4.0321,0.634541,0.145747,1234.12,0.104207,0.443326,6.28876,3.33571,313.882,94.2851,144.323,57.5936,56.6633,31.6587,4.87142,340.288,0.436304,530.287,20.5156,16.4289,0,0,0,0,0,0,0,0,0,0,0,0,0,0,0,0,0,0,0,0,0,0,0,0,0,0,0,0,0,0,0,0,0,0,0,0,0,0,0,0,0,45.5686,114.454,13.5529,0,0,0.736046,0,2.01323,0,5.23416,0.730925,0.16215,0,0,2.89439,0,1.38104,7.45131,0,0,0.986864,0,0,1.09438,0,0,5.9813,2.17972,4.28978,0.671941,6.92222,0.329873,2.66025,0,0,0,10.42,2.00425,0,0,0,0,0,0,0,16.6329,2.93608,0.827872,0,0,0,0,0,0,0,0,0.86879,0,0,3.02449,0,0,0,1.85777,0,0.89478,0,3.31432,0,0,0,0,0,0,0,0,0,0,6.33955,53.194,0,7.35599,0,1.569,0.403535,0,0,0.636306,0,1.70182,1.05332,0,0,0,0,0,0,0,0,0,0,0,0,0,0,0,0,0,0,0,0,0,0,0,0,0,0,0.578964,0,0,0,9.97279,0.512714,0,0,0,0,0.160027,0,0.603688,0,0,1.36568,0.330372,0,0,0,0,0,0,0,0,0,0,0,0,0.625436,0.072189,91.7462,1.2995,0,1.65453,0,0,531.73,38.6781,0,0,0,1.78685,1.46665,0,0,0,0,0,0,7.60625,0,0,0.319,0,1.15414,0,0.813602,3.21975,0,2.88287,0,0,0,0,0,0.318073,0,37.8921,0.132564,108.759,0,1.94575,0.699755,0,0,0,0,7.95324,0,0,0,45.3197,0,40.8497,2.78963,0.946981,46.5379,72.1633,2.00235,0,0,0,0,0,0,0,0,0.59627,0,0,0,0,0,0.684623,12.9687,0.700507,0,0,0,0,0.998908,0,0,0,0,5.72585,0,0,14.5652,0.976363,0,0,0,0,0.462356,0,0,0,263.976,6.99293,68.4261,2.1709,0,0.751547,26.6119,50.3942,0,0.326209,0,0,0,0,0,0,0,0,0,0,0,0,0,0,0,0,0,0,0,0,393.486,28.4326,36.1927,14.5068,0,18.0323,0,25.633,1.84692,0.18199,0,0,0,0,0,0,0,0,0,0,0,0,0,0,2.65541,0.59956,0,0,0,0,1.91752,0,0,0,0,0,0,0,0,0,0,0,0,0,0,0,0,0,0,0,0,0.525415,0,0.434279,0,0,0,0,0,2.04107,0,0,0,0.104353,0,0,0,0,0,1.36668,0.251724,0.471297,0,0,0,0,0,1.07282,0,30.2188,101.524,0,0,0,0,0,0,0,0,0,0,0,0,0,0,0,0,0,0,0,0,0,0.266208,0,1.31214,0,0,0,0,0,0,0,0,0,0,0,4.28796,0,0,0,0,0,52.0653,170.105,0,0,7.17477,28.0982,0,0,13.3299,5.9568,0.303687,0,0,5.33455,90.7849,0,0,0,0.443465,0.301646,0,86.8613,22.3611,0.613646,91.7336,279.966,0,0.25458,0.553623,0,0,0,0.462895,0,204.33,161.365,126.919,0,0,0,0,0,0,0,0,0,0,0.268828,0,0,0,0,0.828419,0,0.448695,0,1.57789,0,2.26189,0,0,0,0,0,0,6.89174,0,0,0,0,0,0,0,0,1.58937,0,1.07769,0,0,0,0,0,0,0,0,0,0,0,0,0,0.854994,0,0,0,0,0,421.275,0,0,0,0,0,28.252,22.9773,0,0,0,0,0,0,0,0,0,0,0,0,0,0,0,0,0,0,0,0,8.4599,0,0,0,194.765,0,0,0,0,0,1.58275,0,0,0,0,3.63278,0
"chick_phage_3688",0.111128,0,0,0,0,0,0,0,0,12.1149,0,0,0,0,0,0.477495,0.069729,0,0.286351,0.087317,0,0,0,0,0,0,0,0,0,0,0,2.03,0,0,0,0,0.083058,0,0,9.1362,0,0.393999,0,0,0,0,0.10039,0,0,0,0,13.2425,0.055856,0.126527,0,0,0.636201,0,0.328874,0,0.431407,0.262252,0.57033,0.592121,0.13033,1.63296,0.528611,1.5555,0.591046,0.801956,0.828013,0.40132,0,2.52193,0.766374,0,0.518997,0,0,0.106171,8.04855,0,0,0.1124,0.081096,0,0,0.086219,0,0,103.665,0.546048,0.19332,0.326149,0,0,0,0.963414,0,0,0.03512,0.107872,2.91858,0,0,1.64973,0.001719,5.05172,0,4.15516,4.56881,0,0.024333,0,0.000691,0,0,0,0,0,0,0,0,0.135122,1.48861,0,0.150412,0,0,0,46.4592,0.10575,0,0.190865,2.51592,0,0,0.138047,0,0,0.088165,0,0,0,0,0.095408,0,0,0,0,0,0.089455,0.339791,0.224544,0,0,0,0,0,0.086275,0,3.01531,0,7.25382,0,0,0.122484,0,0.098272,0.052795,0.238918,0.129506,0,0.53618,0,0,0,0.168766,0,0,0,0,0,0,0,0,0,0,0,0,0,0,0,0,0,0,0,0,0,0,0,0,0,0,0,0.564708,1.13993,0,0,0,0,0,0,0.502757,0,0,0,0,0,0,0,0,0.122471,0,1.63789,0,0,0,0.392276,0.721552,0,0,0.30213,0,0,0,0,0,0,0,0,6.08652,0,0,0,0,0,0,0,0,1.28511,8.14216,0,0,0,0,0,0,0,0,0,0,0,0,0.524131,0,0,0,1.06672,0.657677,1.22098,0,0,0.727362,0.583602,0,0,15.6573,0,0,0,0,0,0,0,0,0,0,0,0,0,0,0,3.69198,2.0227,0,0,0,0,0,0,0,0,0,0,0,0,0,0,0,0,0,0,0,0.333675,0,0,0,0,0,0,0,1.92,0,0,0.700076,0,0,0,0,0,1.21939,0,0,0,0,0,0,0,0,0,0,0,0,0,0,0,0,0,0,0,0,0,0,0,0,0,0,0,0,0,0,0,0,0,0,0,0,0,0,0,0,0,0,0,0,0,0,0,0,0,0,0,0,0,0,0,0,0,0,0,0,0,0,0,0,0,0,0,0,0,0,0,0,0,0.55546,0,0,0,0,0,0,0,0,0,0,0,0,1.0664,0,0,0,0,0,0,0,0,0,0,0,0,0.526009,0,0,0,0,0,0,0,0,0,0,0,0,0,0,0,0,0,0,0,0,0,0,0,0,0,0,0,0,0,0,0,0,0,0,0,0,0,0,0,0,0,0,0,0,0,0,0,0,0,0,0,0,0,0,0,0,0,0,0,0,0,0,0,0,0,0,0,0,0,0,0,0,0,0,0.255444,0.185408,0,0,0,0,0,0,0,0,0,0,0,0,0,0,0,0,0,0,0,0,0,0,0,0,0,0,0,0,0,0,0,0,0,0,0,0,0,0,0,0.936513,0,0,0,0,0,0,0,0,0,0,0,0,0,0,0,0,0,0,0,0,0,0,0,1.1074,0,0,0,0,0,0,0,0,0,0,0,0,0,0,0,0,0,0,0,0,0,0,0,1.15287,0,0,0,0,0,0,0,0,0,0.365146,0,0,0,0,0,0,0,0,0,0,0,0,0,0,0,0,0,0,0,0,0,0,0,0,0,0,0,0,0,0,0,0,0,0,0,0,0,0,0,0,0,0,0,0,0,0,0.392113,0,0,0,0,0,0,0,0,0,0,0,0,0,0,0,0,0,0,0,0,0,1.118,1.00976,0,0,0,0,0,0,0,0,0,0,0,0,0,0,0,0,0,0,0,0,0,0,0,0,0,0,0,0,0,0,0,0,0,0.894728,0,0,0,0,0,0,0,0,0,0,0,0,0,0,0,0,0,0,0,0,1.58217,0,0,0,0,0,0,0,0,0,0,0,0,0,0,0,0,0,0,0,0,0,0,0,0,0,0,0,0,0,0,0,0,0,0,0,0,0,0,0,0,0,0,0,0,0,0,0,0,0,0,0,0.511209,0,0,0,0,0,0,0,0,0,0,0,0.872899,0,0,2.23231,0,0,0,0,0,0,0,0,0,0,0,0,0,0,0,0,0,0,0,0,0,0,0,0,0,0,0.801416,0,0.755338,0,0,0,0,0,0,0,0,0,1.02572,0,0,0,0,0,0,0,0,0,0,0,0,0,0,0,0,0,0,0,0,0,0,0,0,0,0,0,0,0,0,0,0,0,0,0,0,0,0,0,0,0,0,0,0,0,0,0,0,0,0,0,0,0,0,0,0,0,0,0,0,0,0,0,0,0,0,0,0,0,0,0,0,0,0,0,0
"chick_phage_4603",0,0,0,0.838624,0.081001,0,0,0.078056,0,0,0.141367,0.145892,0.045093,0,0.278336,0,0,0,0,0,0,0,0,0,0,0,0,0,0,0,0,0,0,0,0,0,0,0,0,0,0,0,0,0,0.264129,0.065953,0,0,0,0,0,0,0,0,0,0,0,0,0.488855,0,0,0,0,0,0,0,0,0,0,0,0,0,0,0,0,0,0,0,0,0,0.193353,0,0.309472,0,0,0.149185,0.072007,0,0.060203,0,0,0,0.063858,0,0.233956,0.117423,0,0,0,0,0,0,0,0.305745,0.347971,0,0,0,0.13592,0,0.054345,0,0.075157,0.056377,0,0.082703,0.120946,0.138565,0.113102,0,0.330795,0.232052,0.155921,0.133902,4.60498,0,0.049685,745.211,0.137952,0,0,1.36233,0,0,0.197876,0,0.129057,2197,5.23905,0.128154,0,0,0,0,0,0,0,0,0.14639,0,0,0.26594,0.336721,0,0,0,0,0,0,0,0,0,0,0,0,0,0,0,0,0.156954,0,0.770019,0,0,0,0,0,0,0,0,0,0,0,0,0,0,0,0,0,0,0,0,0,0,0,0,0,0,0,0,0,0,0,192.4,1.75923,0,3.01229,1345.43,1.41529,7526.67,1.53784,2.39729,564.885,0.996412,0,0,0,2.10182,0.072771,10.4955,114.406,0.198648,0.121364,7.76331,0,0,0,0,0.388726,0,0.228707,5.19419,0,0,0,7.20095,22.0465,0.350547,0.360439,0.448906,0.595179,1.98221,2.51493,0,0,31.8736,0,0.496413,69.9016,22.5153,1178.23,0,0,1612.28,0.73818,0,0,1.94725,2.72671,0,0,0,0.530902,1.62778,6.23271,0,15.6083,1.80077,0,83.4214,7.66289,2.13186,1.10075,0,0,0.805819,14.4465,0.669314,0,0,0,0.486381,0,0,0,0,0,0,44.5711,0.381535,0,0.290492,0.09685,0,0,0.485342,0.078924,0,0,0.075615,431.341,0.644291,0.507235,0,13.7914,0,0,0,5.56393,0,0,0,0.145828,0.841816,3.79141,1.45937,0,0,0.551853,0,4.48292,0,0,0,0,0,64.8546,0.745515,49.7049,1.76915,762.859,0,4.30725,0,0,0,0,0,0,0,0,0,0,0,0,0,0,0,0,0,0,0,0,0,0,0,0,0,0,0,0,0,0,0,0,0,0,0,0,0,0,0,0,0,0,0,0,0,0,0,0,0,0,0,0,0,0,0,0,0,0,0,0,0,0,0,0,0,0,0,0,0,0,0,0,0,0,0,0,0,0,0,0,0,0,0,0,0,0,0,0,0,0,0,0,0,0,0,0,0,0,0,0,0,0,0,0,0,0,0,0,0,0,0,0,0,0,0,0,0,0,0,0,0,0,0,0,0,0,0,0,0,0,0,0,0,0,0,0,0,0,0,0,0,0,0,0,0,0,0,0,0,0,0,0,0,0,0,0,0,0,0,0,0,0,0,0,0,0,0,0,0,0,0,0,0,0,0,0,0,0,0,0,0,0,0,0,0,0,0,0,0,0,0,0,0,0,0,0,0,0,0,0,0,0,0,0,0,0,0,0,0,0,0,0,0,0,0,0,0,0,0,0,0,0,0,0,0,0,0,0,0,0,0,0,0,0,0,0,0,0,0,0,0,0,0,0,0,0,0,0,0,0,0,0,0,0,0,0,0,0,0,0,0,0,0,0,0,0,0,0,0,0,0,0,0,0,0,0,0,0,0,0,0,0,0,0,0,0,0,0,0,0,0,0,0,0,0,0,0,0,0,0,0,0,0,0,0,0,0,0,0,0,0,0,0,0,0,0,0,0,0,0,0,0,0,0,0,0,0,0,0,0,0,0,0,0,0,0,0,0,0,0,0,0,0,0,0,0,0,0,0,0,0,0,0,0,0,0,0,0,0,0,0,0,0,0,0,0,0,0,0,0,0,0,0,0,0,0,0,0,0,0,0,0,0,0,0,0,0,0,0,0,0,0,0,0,0,0,0,0,0,0,0,0,0,0,0,0,0,0,0,0,0,0,0,0,0,0,0,0,0,0,0,0,0,0,0,0,0,0,0,0,0,0,0,0,0,0,0,0,0,0,0,0,0,0,0,0,0,0,0,0,0,0,0,0,0,0,0,0,0,0,0,0,0,0,0,0,0,0,0,0,0,0,0,0,0,0,0,0,0,0,0,0,0,0,0,0,0,0,0,0,0,0,0,0,0,0,0,0,0,0,0,0,0,0,0,0,0,0,0,0,0,0,0,0,0,0,0,0,0,0,0,0,0,0,0,0,0,0,0,0,0,0,0,0,0,0,0,0,0,0,0,0,0,0,0,0,0,0,0,0,0,0,0,0,0,0,0,0,0,0,0,0,0,0,0,0,0,0,0,0,0,0,0,0,0,0,0,0,0,0
"chick_phage_3104",0,0,36.8923,0.079382,0,0,0,0,0,0,0,0.138098,0,0,0,0,0,0,0,0.327628,0,0,0.141981,0.296995,0.22294,0.26529,0.14272,0.148385,0.218834,0,0.12447,55.0968,0,0.199276,39.1588,0.09877,0,0.300134,0.108892,155.332,0.103,9.03032,0,0,0.08334,0.06243,0.047084,0,0,0,0.081866,607.64,0,0.118686,0.39253,0.171044,6.4398,0.123486,0,0,0,0,0,0,0,0,0,0,0,0,0,0,0,0.525705,0,0,0,0,0,0,62.7282,0,0,0,0,0,0,0,0,0,0,0,0,0,0,0,0.060584,0,0,0.248869,46.5673,0,17.5918,0.19219,86.6143,159.342,17.9486,20.975,0,6.40951,89.2351,0.789106,35.303,0,5.4801,0,0,0,0,0,0,0.073219,0,0.12675,0.097228,0,0,0,0,0,0.359277,0,0.242446,0,0,0,0,0,0,0,0,0,0,0,0,0,0,0,0.069285,0.977053,0,0,0,0,0.156008,0.156837,0.120524,0,0.176432,0,0.052744,1.49911,0,0,0,0,0.114896,1.18072,0,0,0,0,0,0,0,0,0,0,0,0,0,0,0,0,0,0,0,0,0,0,0,0,0,0,0,0,0,0,0,0,0,0,0,11.1332,0,0,0,0,0,0,0.291122,0,0.652829,0,0,0,0,0,0.03444,0,0,0,0,0,10.7538,0,1.45032,0,0,0,2.38122,1.78769,13.0356,0,0,0.45438,0.187996,0.221203,0,0,0.375564,12.5079,0.95078,0,0,2.74256,0,5.6384,1.98688,0,4.80045,0,0,7.01812,0,0,0,1.8431,106.811,0,0,0,0,0.700334,0,10.1381,0,4.54536,0,0,0,0,0,0,0.547414,3.43235,0,16.5829,0,0,0,0.46036,3.62043,0,0,0,0.306288,0.96726,5.83086,0,1.54705,0.091655,0,0,23.7138,0,0,3.69674,0,0,0,1.21965,0,0,0,0,0,0,0,0,0,0,0,0,0,0,0,0,0.574583,0,0,0,0.90045,11.1544,3.3663,29.5482,0.339166,0,0,0,0,2.2875,1.35899,0,0,0,0,0,0,0,0,0,0,0,0,0,0,0,0,0,0,0,0,0,0,0,0,0,0,0,0,0,0,0,0,0,0,0,0,0,0,0,0,0,0,0,0,0,0,0,0,0,0,0,0,0,0,0,0,0,0,0,0,0,0,0,0,0,0,0,0,0,0,0,0,0,0,0,0,0,0,0,0,0,0,0,0,0,0,0,0,0,0,0,0,0,0,0,0,0,0,0,0,0,0,0,0,0,0,0,0,0,0,0,0,0,0,0,0,0,0,0,0,0,0,0,0,0,0,0,0,0,0,0,0,0,0,0,0,0,0,0,0,0,0,0,0,0,0,0,0,0,0,0,0,0,0,0,0,0,0,0,0,0,0,0,0,0,0,0,0,0,0,0,0,0,0,0,0,0,0,0,0,0,0,0,0,0,0,0,0,0,0,0,0,0,0,0,0,0,0,0,0,0,0,0,0,0,0,0,0,0,0,0,0,0,0,0,0,0,0,0,0,0,0,0,0,0,0,0,0,0,0,0,0,0,0,0,0,0,0,0,0,0,0,0,0,0,0,0,0,0,0,0,0,0,0,0,0,0,0,0,0,0,0,0,0,0,0,0,0,0,0,0,0,0,0,0,0,0,0,0,0,0,0,0,0,0,0,0,0,0,0,0,0,0,0,0,0,0,0,0,0,0,0,0,0,0,0,0,0,0,0,0,0,0,0,0,0,0,0,0,0,0,0,0,0,0,0,0,0,0,0,0,0,0,0,0,0,0,0,0,0,0,0,0,0,0,0,0,0,0,0,0,0,0,0,0,0,0,0,0,0,0,0,0,0,0,0,0,0,0,0,0,0,0,0,0,0,0,0,0,0,0,0,0,0,0,0,0,0,0,0,0,0,0,0,0,0,0,0,0,0,0,0,0,0,0,0,0,0,0,0,0,0,0,0,0,0,0,0,0,0,0,0,0,0,0,0,0,0,0,0,0,0,0,0,0,0,0,0,0,0,0,0,0,0,0,0,0,0,0,0,0,0,0,0,0,0,0,0,0,0,0,0,0,0,0,0,0,0,0,0,0,0,0,0,0,0,0,0,0,0,0,0,0,0,0,0,0,0,0,0,0,0,0,0,0,0,0,0,0,0,0,0,0,0,0,0,0,0,0,0,0,0,0,0,0,0,0,0,0,0,0,0,0,0,0,0,0,0,0,0,0,0,0,0,0,0,0,0,0,0,0,0,0,0,0,0,0,0,0,0,0,0,0,0,0,0,0,0,0,0,0,0,0,0,0,0,0,0,0,0,0,0,0,0,0,0,0,0,0,0
"chick_phage_3894",0.110612,0,0.191255,0.589635,0,0,0,0,0,0,0,0,0.135876,0,0,0,0,0,0,0,0.065959,0.210578,0,0,0,0.093831,0,0,0,0,0,66.2547,0,0,0,0,0,0,0,0.066473,0,0,0,0,8.59215,2.83972,0,2.95841,1.62546,0,0,1.17911,0,0,0,0.181497,0,0,0.201677,0,0,0,27.1785,0,0,0,0,0,0,0,0,0,0,0,0,0,0,0,0.085706,0,0,0,0.07771,0,0,0,0,0,0,0.064682,0,0,0,0,0.117495,0,0,0,0,0.132037,0,434.229,2214.07,0.81527,0.116504,0.085717,0.269676,0.102779,0.136521,2.34838,3.96592,10.6386,120.079,148.888,0.163271,0.166137,161.473,3.05486,0,0.086255,0,0,0.350385,0.134494,0.085655,0.792994,0,0.096463,0,0,0.10803,0.210517,0.085753,0,0,0,0.872793,0.182518,0,0.128721,0.087755,0.11605,0.151772,0.091128,0.183087,0.094964,3.74517,0,0,0,0,0,0.112737,0,5.21447,0,0,0,0,0.085873,19.5642,0,67.694,0,0.0849,0,0.121915,1.1868,0.228598,0.052549,0,0,0,0,0,0,0,0,0,0,0,0,0,0,0,0,0,0,0,0,0,0,0,0,0,0,0,0,0,0,0,0,0,0,0,0,0,0,0,0,0,0,0,0,0,0,0,0,0,6.48408,0,0,0,0,0,0,0,0,0,0,0,0,0,0,0,0,0.199496,0,0,0,0,0,0,0,0,0,0,0,0,0,0,0,0,0,0,0,0,0,1.02705,0,0,0,0,0,0,0,0,0,0,0,0,0,0,0,0,0,0,0,0,0,0,0,0,0,0,0,3.21765,0,0,0,0,0,0,0,0,0,0,0,0,0,0,0,0,0,0,0,0,0,0,0,0,1.20793,0,0,0,0,0,0,0,0,0,14.6596,4.29989,0,0,0,0,0,0,0,0,0,0,0,0,0,0,0,0,0,0,0,0,0,0,0,0,0,0,0,0,0,0,0,0,0,0,0,0,0,0,0,0,0,0,0,0,0,0,0,0,0,0,0,0,0,0,0,0,0,0,0,0,0,0,0,0,0,0,0,0,0,2.16591,0,0,0,0,0.916863,1.73648,0,0,0,0,0,0,0,0,0,0,0,0,0,0,0,0,0,0,0,0,0,0,0,0,0,0,0,0,0,0,0,0,0,0,0,0,0,0,0,0,0,0,0,0,0,0,0,0,0,0,0,0,0,0,0,0,0,0,0,0,0,0,0,0,0,0,0,0,0,0,0,0,0,0,0,0,0,0,0,0,0,0,0,0,0,0,0,0,0,0,0,0,0,0,0,0,0,1.71876,0,0,0,0,0,0,0,0,0,0,0,0,0,0,0,0,0,0,0,0,0,0,4.60328,0,0,0,0,0,0,0,0,0,0,0,0,0,0,0,0,0,0,0,0,0,0,0,2.53993,0,0,0,0,0,0,0,0,0,0,0,0,0,0,0,0,0,0,0,0,0,0,0,0,0,0,0,0,0,0,0,0,0,0,0,0,0,0,0,0,0,0,0,0,0,0,0,0,0,0,0,1.14751,0,0,0,0,0,0,0,0,0,0,0,0,0,0,0,0,12.5174,0,0,0,0,0,0,0,0,0,0,0,0,0,0,0,0,0,0,0,0,0,0,0,0,0,0,0,0,0,0,0,0,0,0,0,0,0,0,0,0,0,0,0,0,0,0,0,0,0,0,0,0,0,0,0,0,0,0,0,0,0,0,0,0,0,0,0,0,0,0,0,0,0,0,0,0,0,0,0,0,0,0,0,0,0,0,3.62034,0,0,0,0,0,0,0,0,0,0,0,0,0,0,0,0,0,0,0,0,0,0,0,0,0,0,0,0,0,0,0,0,0,0,0,0,0,0,0,0,0,0,0,0,0,0,0,0,0,0,0,0,0,0,0,0,0,0,0,1.54221,0,0,0,0,0,0,0,0,0,0,0,0,0,0,0,0,0,0,0,0,0,0,0,0,0,0,0,0,0,0,0,0,0,0,0,0,0,0,0,0,0,0,0,0,0,0,0,0,0,0,0,0,0,0,0,0,0,0,0,0,0,0,0,0,0,0,0,0,0,0,0,0,0,0,0,0,0,0,0,0,0,0,0,0,0,0,0,0,0,0,0,0,0,0,0,0,0,5.77871,0,0,0,0,0,0,0,0,0,0,0,0,0,0,0,0,0,0,0,0,0,0,0,0,0,0,0,0,0,0,0,0,0,0,0,0,0,0,0,0,0,0,0,0,0,19.7687,0,0,0,0,0,0,0,0,0
"chick_phage_3600",0,0,0,0,0,0,0,0,0,0,0,0,0,0,0,0,0,0,0,0,0,0,0,0,0,0,0,0,0,0,0,0,0,0,0,0,0,0,0,0,0,0,0,0,0,0,0,0,0,0,0,0,0,0,0,0,0,0,1.03916,0,0,0,0,0,0,0,0,0,0,0,0,0,0,0,0,0,0,0,0,0,0.176147,0,0,0,0,237.336,0,0,0,0,0,0,0,0,0,0,0,0,0,0,0,0,0,0,0,0,0,0,0,0,0,0,0,0,0,0,0,0.244618,0,0,0.301355,19.0262,0,0.623645,0,0,0,0,0,0,0,0,0,0,0,0,0,0,0,0,0,0,0,0,0,0,0,0,0,0,0,0,0,0,0,0,0,0,0,0,0,0,0,0,0,0,0,0,1.50821,0,0,0,0,0,0,0,0,0,0,0,0,0,0,0,0,0,0,0,0,0,0,0,0,0,0,0,0,0,0,0,0,0,0,78.6617,0,17.1194,6.63197,1.79971,2.50628,2184.29,0,0,9.10973,0.453784,0,0,0,0.480201,0,0,0,0,0,22.6635,1.0366,0,0.232621,7.88477,82.2775,0,0.715872,0,14.4242,1.23311,0,6.64139,8.69656,0.927531,0,12.1314,25.6068,71.1915,95.2684,81.1177,6.05763,18.2035,32.1345,39.136,58.1126,31.4649,20.5271,4.8933,0,55.0167,1257.43,0,0,0,164.154,0,0,2.14573,64.682,1.80941,188.461,60.3926,1.66223,43.6009,0,0,0,0,7.11415,255.186,3.84004,431.288,2.74418,25.5417,0,0.189989,0,0.542297,131.471,0,0,0,0,0,31.375,4.88731,5.45917,0.784861,0,3e-06,42.9024,0,0,6.79531,0,0,9.59152,13.9514,0,0,0,0,0,0,2.75296,0,0,0,0.82888,0.712023,0.300299,0,0,0,0.16785,0,1.22613,0,0,414.085,191.282,0,13.3755,0,20.6927,0,1.9416,12.4304,18.0676,0,0,0,0,0,0,0,0,0,0,0,0,0,0,0,0,0,0,0,0,0,0,0,0,0,0,0,0,0,0,0,0,13.3717,0,0,0,0,0,0,0,0,0,0,0,0,0,0,0,0,0,0,0,0,0,0,0,0,0,0,0,0,0,0,0,0,0,0,0,0,0,0,0,0,0,0,0,0,0,0,0,0,0,0,0,0,0,0,0,0,0,0,0,0,0,0,0,1e-06,0,0,0,0,0,0,0,0,0,0,0,0,0,0,0,0,0,0,0,0,0,0,0,0,0,0,0,0,0,0,0,0,0,0,0,0,0,0,0,0,0,0,0,0,0,0,0,0,0,0,0,0,0,0,0,0,0,0,0,0,0,0,0,0,0,0,0,0,0,0,0,0,0,0,0,0,0,0,0,0,0,0,0,0,0,0,0,0,0,0,0,0,0,0,0,0,0,0,0,0,0,0,0,0,0,0,0,0,0,0,0,0,0,0,0,0,0,0,0,0,0,0,0,0,0,0,0,0,0,0,0,0,0,0,0,0,0,0,0,0,0,0,0,0,0,0,0,0,0,2.7128,0,0,0,0,0,0,0,0,0,0,0,0,0,0,0,0,0,0,0,0,0,0,0,0,0,0,0,0,0,0,0,0,0,0,0,0,0,0,0,0,0,0,0,0,0,0,0,0,0,0,0,0,0,0,0,0,0,0,0,0,0,0,0,0,0,0,0,0,0,0,0,0,0,0,0,0,0,0,0,0,0,0,0,0,0,0,0,0,0,0,0,0,0,0,0,0,0,0,0,0,0,0,0,0,0,0,0,0,0,0,0,0,0,0,0,0,0,0,0,0,0,0,0,0,0,0,0,0,0,0,0,0,0,0,0,0,0,0,0,0,0,0,0,0,0,0,0,0,0,0,8.45074,0,0,0,0,0,0,0,0,0,0,0,0,0,0,0,0,0,0,0,0,0,0,0,0,0,0,0,0,0,0,0,0,0,0,0,0,0,0,0,0,0,0,0,0,0,0,0,0,0,0,0,0,0,0,0,0,0,0,0,0,0,0,0,0,0,0,0,0,0,0,0,0,0,0,0,0,0,0,0,0,0,0,0,0,0,0,0,0,0,0,0,0,0,0,0,0,0,0,0,0,0,0,0,0,0,0,0,0,0,0,0,0,0,0,0,0,0,0,0,0,0,0,0,0,0,0,0,0,0,0,0,0,0,0,0,767.581,0,20.1168,64.699,277.296,1.51698,0,293.981,4.75623,33.6855,0,0,0,32.4403,2.58682,38.6358,0,4.82186,12.9239,1.17963,10.7052,0,7.16504,2.61532,150.19,0,309.267,0,0,77.4159,69.8001,17.7692,0,5.05558,74.3875,1.70337,0,2.46136,6.49723,0,102.101,2.38916,0,0,0,103.06,222.534
"chick_phage_4020",0,0,0.085979,0.19012,0.292599,0,0,0.140981,0.29541,0,0,0,0,0,0,0,0,0,0,0,0,0,0,0,0,0,0,0,0,0,0,0,0.115627,0,0,0,0,0,0,0,0.2948,0,0,0,0.159019,0.119122,0,0,0,0,0,0,0,0,0,0,0,0,0,0,0,0,0,0,0.116642,0,0,0,0,0,0,0,0,0,0,0,0,0,0,0.095014,0,0,0,0.100588,0.217242,0.404326,0,0.077159,0.054369,0,0,0.162895,0.115338,0.210471,0,0,0,0,0,0,0.142098,0.096493,0.139538,0,0.104748,0.077069,0.208223,0.092411,0,3317.02,0,0.169683,1.62595,0.101827,0.2202,0.074691,0,0,0.868209,0.232657,0,0,0.046937,0,1.44134,0,0,0,0.062291,0,0.097132,0.541291,0.308407,0.056937,0.08935,0,0,264.4,1.30571,0,0.0789,0.157812,0.204689,0,0.109741,0,0.57159,0.075222,0,0,0,0,0,0,0,0,0,0,0,0,0,0,0,0,0,0,0,0,0,0,0.142544,3.0347,0,0,0,0,0,0,0,0,0,0,0,0,0,0,0,0,0,0,0,0,0,0,0,0,0,0,0,0,0,0,0,4.79918,0,1.01062,8.49251,140.147,0,36.222,0.30901,0.57249,0.311808,116.47,0,0,0,0,0,1.1145,14.7175,0.538119,0.595032,5.78894,1.55784,1.09517,0.461191,10.376,69.4932,10.9765,1.4456,0,0.40074,0,0,2.76844,1.83825,43.9499,0.235402,3.4614,3.43466,28.8227,15.8758,14.9131,3.14705,6.06141,2.39728,2.16453,37.2852,3.34376,28.1302,10.6993,0,34.3214,1.99972,0,0,0,4.9181,0,0,0,27.7248,0.238315,11.0892,43.0649,0.454645,19.1798,1.90905,15.1577,0,0.878918,0.993965,39.1666,2.28328,187.841,3.58324,36.5734,0,0,0,0,8.63476,0.21513,0,0,0.584394,1.84554,18.0543,3.95626,0,0.612083,0.262367,3.30327,12.6683,1.98655,0.356302,3.98051,0.3099,0.03414,4.80888,9.23323,3.00718,0,0,0,0,30.7174,3.34941,0,0,0,0.794379,0.598243,0.842884,0.219628,3.55065,0,0.534292,4.19458,0.26985,5.23921,10.3084,144.873,54.9149,85.7997,30.7696,0,7.86756,4.2008,2.35955,26.5858,25.2905,0,0,0,0,0,94.5457,0,0,0,0,0,0,0,0,0,0,0,0,0,0,0,0,0,0,38.1287,0,0,94.5457,0,0,0,62.2675,0,0,0,0,0,0,0,0,0,0,0,0,0,0,0,0,0,0,0,0,0,0,0,0,0,0,0,0,0,0,0,0,0,0,0,0,0,0.233533,0.337416,0,0,0,0,0,0,0,0,0,0,0,0,0,0,0,0,0,0,0,0,0,0,0,0,0,0,0,0,0,0,0,0,0,0,0,0,0,0,0,0,0,0,0,0,0,0,0,0,0,0,0,0,0,0,0,0,0,0,0,0,0,0,0,0,0,0,0,0,0,0,0,0,0,0,0,0,0,0,0,0,0,0,0,0,0,0,0,0,0,0,0,0,0,0,0,0,0,0,0,0,0,0,0,0,0,0,0,0,0,0,0,0,0,0,0,0,0,0,0,0,0,0,0,0,0,0,0,0,0,0,0,0,0,0,0,0,0,0,0,0,0,0,0,0,0,0,0,0,0,0,0,0,0,0,0,0,0,2.44709,0,0,0,0,0,0,0,0,0,0,0,0,0,0,1.56112,0,1.14881,5.63085,0,0,0,0,0,0,0,0,0,0,0,0,0,0,0,0,0,0,0,0,0,0,0,0,0,0,0,0,0,0,0,0,0,0,0,0,0,0,0,0,0,0,0,0,0,0,0,0,0,0,0,0,0,0,0,0,0,0,0,0,0,0,0,0,0,0,0,0,0,0,0,0,0,0,0,0,0,0,0,0,0,0,0,0,0,0,0,0,0,0,0,0,0,0,0,0,0,0,0,0,0,0,0,0,0,0,0,0,0,0,0,0,0,0,0,0,0,0,0,0,0,0,0,0,0,0,0,0,0,0,0,0,0,0,0,0,0,0,0,0,0,0,0,0,0,0,0,0,0,4.17716,2.04714,0,0,0.697083,0,0,0,0,0,0,0,0,0,0,0,0,0,0,0,0,0,0,0,0,0,0,0,0,0,0,0,0,0,0,0,0,0,0,0,0,0,0,0,0,0,0,0,0,0,0,0,0,0,0,0,0,0,0,0,0,0,0,0,1.15036,0,0,0,0.998724,0,0,0,0,0,0,0,0,17.481,0,1.02792,0,0,0,0,0,0,0,0,0,0,0,0,0,0,0,0,0,0,0,0,0,0,0,0,0,0,0,0,0,0,0,0,0,0,0,0,0,0,0,0,0,0,0,0,0,0,0,0,0,0,0,0,0,0,0,0,0,0,0,0,0,0,0,0,0,0,0,0,0,0,0,3.21899,17.777,0,0,0,0,0,0,0,6.47664,0,0,0,0,0,0,0,0,4.47714,0,0,0,0,0,0,0,0,0,0,0,0,0,0
"chick_phage_3418",0,0,23.5334,0,0,0,0,0,0,88.3504,0,0,0,0,0,0,0,0,0,0,0,0,0,0,0,0,0,0,0,0,0,35.6507,0,0,0,0,0,0,0,44.3036,0,0,0,0,0,0,0,0,0,0,0,0,0,0,0,0,2.41158,0,0,1.65739,0,0,0.025756,0,0,0.408995,0,0,0,0,0,0,0.971291,2944.56,0,0,0,0.493214,0.019628,0,26.4264,0,0,0,0,0,0,0,0,0,219.991,0,0,0,0,0,0,0,0,0,15.1302,0,1.24094,0,29.1153,34.6204,6.67623,0.004633,0,0,29.4077,0.577073,18.9839,0,3.21771,0,0,0,0,0,0,0,0,0,36.4336,0,0,0,0,0,477.904,0,0,0,0,0,0,0,0,0,0,0,0,0,0,0,0,0,0,0,0,0,0,0,0,0,0,0,0,0,0,69.9934,0,0,0,0,0,0,0,0,0,0,0,0.189956,0,0.65817,0,0,0,0,0,0,0,0,0,0,0,0,0,0,0,0,0,0,0,0,0,0,0,0,0,0,0,0,0,0,0,0,0,0,0,0,0,0,0,0,0,0,0,0,0,0,0,0,0,0,0,0,0,0,0,0,0,0,0,0,0,0,0,0,0,0,0,0,0,0,0,0,0,0,0,0,0,0,0,0,0,0,34.6256,0,0,0,0,0,0,0,0,0,0,0,0,0,0,0,0,0,0,0,0,0,0,0,0,0,0,0,0,0,0,0,0,0,0,0,0,0,0,0,0,0,0,0,0,0,0,0,0,0,0,0,0,0,0,0,0,0,0,0,0,0,0,0,0,0,0,0,0,0,0,0,0,0,0,0,0,0,0,0,0,0,0,0,0,0,0,0,0,0,0,0,0,0,0,0,0,0,0,0,0,0,0,0,0,0,0,0,0,0,0,0,0,0,0,0,0,0,0,0,0,0,0,0,0,0,0,0,0,0,0,0,0,0,0,0,0,0,0,0,0,0,0,0,0,0,0,0,0,0,0,0,0,0,0,0,0,0,0,0,0,0,0,0,0,0,0,0,0,0,0,0,0,0,0,0,0,0,0,0,0,0,0,0,0,0,0,0,0,0,0,0,0,0,0,0,0,0,0,0,0,0,0,0,0,0,0,0,0,0,0,0,0,0,0,0,0,0,0,0,0,0,0,0,0,0,0,0,0,0,0,0,0,0,0,0,0,0,0,0,0,0,0,0,0,0,0,0,0,0,0,0,0,0,0,0,0,0,0,0,0,0,0,0,0,0,0,0,0,0,0,0,0,0,0,0,0,0,0,0,0,0,0,0,0,0,0,0,0,0,0,0,0,0,0,0,0,0,0,0,0,0,0,0,0,0,0,0,0,0,0,0,0,0,0,0,0,0,0,0,0,0,0,0,0,0,0,0,0,0,0,0,0,0,0,0,0,0,0,0,0,0,0,0,0,0,0,0,0,0,0,0,0,0,0,0,0,0,0,0,0,0,0,0,0,0,0,0,0,0,0,0,0,0,0,0,0,0,0,0,0,0,0,0,0,0,0,0,0,0,0,0,0,0,0,0,0,0,0,0,0,0,0,0,0,0,0,0,0,0,0,0,0,0,0,0,0,0,0,0,0,0,0,0,0,0,0,0,0,0,0,0,0,0,0,0,0,0,0,0,0,0,0,0,0,0,0,0,0,0,0,0,0,0,0,0,0,0,0,0,0,0,0,0,0,0,0,0,0,0,0,0,0,0,0,0,0,0,0,0,0,0,0,0,0,0,0,0,0,0,0,0,0,0,0,0,0,0,0,0,0,0,0,0,0,0,0,0,0,0,0,0,0,0,0,0,0,0,0,0,0,0,0,0,0,0,0,0,0,0,0,0,0,0,0,0,0,0,0,0,0,0,0,0,0,0,0,0,0,0,0,0,0,0,0,0,0,0,0,0,0,0,0,0,0,0,0,0,0,0,0,0,0,0,0,0,0,0,0,0,0,0,0,0,0,0,0,0,0,0,0,0,0,0,0,0,0,0,0,0,0,0,0,0,0,0,0,8.13529,0,0,0,0,0,30.4271,0,0,2.00461,28.4817,0,18.7688,66.0137,0,39.2923,0,0,11.5766,0,0,23.9961,0,1.28776,0,0,0,0,0,0,0,0,0,0,0,0,0,307.665,0,0,0,0,61.5817,122.469,0,0,28.9058,4.01691
